[2026-03-23 10:19:00] [INFO] 初始化网络拓扑...
[2026-03-23 10:20:18] [INFO] === 开始运行 AoI-DT-DAP 仿真 ===
[2026-03-23 10:20:18] [INFO] 
[请求 1] t=1.6s | User 99 请求 DT_CAR_01
[2026-03-23 10:20:18] [INFO]   -> 决策: 部署到 Node 3
[2026-03-23 10:20:18] [INFO]   -> 预计指标: Score=8.32 | AoI=5.33s | Cost=3.00
[2026-03-23 10:20:18] [INFO] 
[请求 2] t=4.5s | User 99 请求 DT_FAC_01
[2026-03-23 10:20:18] [INFO]   -> 决策: 部署到 Node 2
[2026-03-23 10:20:18] [INFO]   -> 预计指标: Score=6.70 | AoI=4.70s | Cost=2.00
[2026-03-23 10:20:18] [INFO] 
[请求 3] t=7.5s | User 99 请求 DT_CAR_01
[2026-03-23 10:20:18] [INFO]   -> 决策: 部署到 Node 3
[2026-03-23 10:20:18] [INFO]   -> 预计指标: Score=8.32 | AoI=5.33s | Cost=3.00
[2026-03-23 10:20:18] [INFO] 
[请求 4] t=8.7s | User 99 请求 DT_FAC_01
[2026-03-23 10:20:18] [INFO]   -> 决策: 部署到 Node 2
[2026-03-23 10:20:18] [INFO]   -> 预计指标: Score=6.70 | AoI=4.70s | Cost=2.00
[2026-03-23 10:20:18] [INFO] 仿真结束，正在生成结果报告...
[2026-03-23 10:26:22] [INFO] 初始化网络拓扑...
[2026-03-23 10:26:51] [INFO] === 开始运行 AoI-DT-DAP 仿真 ===
[2026-03-23 10:26:51] [INFO] 
[请求 1] t=2.4s | User 0 请求 DT_FAC_01
[2026-03-23 10:26:51] [INFO]     [评估] Node 1: Score=6.70 (AoI=3.70, Cost=3)
[2026-03-23 10:26:51] [INFO]     [评估] Node 2: Score=6.70 (AoI=4.70, Cost=2)
[2026-03-23 10:26:51] [INFO]     [评估] Node 3: Score=6.95 (AoI=3.95, Cost=3)
[2026-03-23 10:26:51] [INFO]   -> 决策: 部署到 Node 2
[2026-03-23 10:26:51] [INFO]   -> 预计指标: Score=6.70 | AoI=4.70s | Cost=2.00
[2026-03-23 10:26:51] [INFO] 
[请求 2] t=3.7s | User 99 请求 DT_CAR_01
[2026-03-23 10:26:51] [INFO]     [剪枝] Node 1 内存不足 (剩余 4G < 需求)
[2026-03-23 10:26:51] [INFO]     [评估] Node 2: Score=10.39 (AoI=8.39, Cost=2)
[2026-03-23 10:26:51] [INFO]     [评估] Node 3: Score=8.32 (AoI=5.33, Cost=3)
[2026-03-23 10:26:51] [INFO]   -> 决策: 部署到 Node 3
[2026-03-23 10:26:51] [INFO]   -> 预计指标: Score=8.32 | AoI=5.33s | Cost=3.00
[2026-03-23 10:26:51] [INFO] 
[请求 3] t=6.3s | User 99 请求 DT_CAR_01
[2026-03-23 10:26:51] [INFO]     [剪枝] Node 1 内存不足 (剩余 4G < 需求)
[2026-03-23 10:26:51] [INFO]     [评估] Node 2: Score=19.10 (AoI=7.10, Cost=12)
[2026-03-23 10:26:51] [INFO]     [评估] Node 3: Score=8.89 (AoI=5.89, Cost=3)
[2026-03-23 10:26:51] [INFO]   -> 决策: 部署到 Node 3
[2026-03-23 10:26:51] [INFO]   -> 预计指标: Score=8.89 | AoI=5.89s | Cost=3.00
[2026-03-23 10:26:51] [INFO] 
[请求 4] t=8.1s | User 0 请求 DT_CAR_01
[2026-03-23 10:26:51] [INFO]     [剪枝] Node 1 内存不足 (剩余 4G < 需求)
[2026-03-23 10:26:51] [INFO]     [评估] Node 2: Score=19.10 (AoI=7.10, Cost=12)
[2026-03-23 10:26:51] [INFO]     [评估] Node 3: Score=10.06 (AoI=7.06, Cost=3)
[2026-03-23 10:26:51] [INFO]   -> 决策: 部署到 Node 3
[2026-03-23 10:26:51] [INFO]   -> 预计指标: Score=10.06 | AoI=7.06s | Cost=3.00
[2026-03-23 10:26:51] [INFO] 仿真结束，正在生成结果报告...
[2026-03-23 10:32:48] [INFO] 初始化网络拓扑...
[2026-03-23 10:32:52] [INFO] === 开始运行 AoI-DT-DAP 仿真 ===
[2026-03-23 10:32:52] [INFO] 
[请求 1] t=1.7s | User 0 请求 DT_FAC_01
[2026-03-23 10:34:54] [INFO] 初始化网络拓扑...
[2026-03-23 10:34:54] [INFO] === 开始运行 AoI-DT-DAP 仿真 ===
[2026-03-23 10:34:54] [INFO] 
[请求 1] t=1.9s | User 0 请求 DT_CAR_01
[2026-03-23 10:34:54] [INFO] 
[请求 2] t=4.2s | User 0 请求 DT_CAR_01
[2026-03-23 10:34:54] [INFO] 
[请求 3] t=6.3s | User 99 请求 DT_CAR_01
[2026-03-23 10:34:54] [INFO] 
[请求 4] t=9.0s | User 0 请求 DT_CAR_01
[2026-03-23 10:34:54] [INFO] 仿真结束，正在生成结果报告...
[2026-03-23 10:37:16] [INFO] 初始化网络拓扑...
[2026-03-23 10:37:16] [INFO] === 开始运行 AoI-DT-DAP 仿真 ===
[2026-03-23 10:37:16] [INFO] 
[请求 1] t=2.7s | User 0 请求 DT_CAR_01
[2026-03-23 10:37:16] [INFO] 
[请求 2] t=4.7s | User 99 请求 DT_FAC_01
[2026-03-23 10:37:16] [INFO] 
[请求 3] t=6.6s | User 99 请求 DT_FAC_01
[2026-03-23 10:37:16] [INFO] 
[请求 4] t=9.0s | User 99 请求 DT_CAR_01
[2026-03-23 10:37:16] [INFO] 仿真结束，正在生成结果报告...
[2026-03-23 10:44:19] [INFO] 初始化网络拓扑...
[2026-03-23 10:44:19] [INFO] === 开始运行 AoI-DT-DAP 仿真 ===
[2026-03-23 10:44:19] [INFO] 
[请求 1] t=2.1s | User 0 请求 DT_FAC_01
[2026-03-23 10:44:19] [INFO] 用户联通淘汰 1
[2026-03-23 10:44:19] [INFO] 用户联通淘汰 2
[2026-03-23 10:44:19] [INFO] 用户联通淘汰 3
[2026-03-23 10:44:19] [WARNING]   -> [Error] 未找到可用节点！
[2026-03-23 10:44:19] [INFO] 
[请求 2] t=4.3s | User 0 请求 DT_CAR_01
[2026-03-23 10:44:19] [INFO] 内存淘汰 1
[2026-03-23 10:44:19] [INFO] 用户联通淘汰 2
[2026-03-23 10:44:19] [INFO] 用户联通淘汰 3
[2026-03-23 10:44:19] [WARNING]   -> [Error] 未找到可用节点！
[2026-03-23 10:44:19] [INFO] 
[请求 3] t=6.6s | User 0 请求 DT_FAC_01
[2026-03-23 10:44:19] [INFO] 用户联通淘汰 1
[2026-03-23 10:44:19] [INFO] 用户联通淘汰 2
[2026-03-23 10:44:19] [INFO] 用户联通淘汰 3
[2026-03-23 10:44:19] [WARNING]   -> [Error] 未找到可用节点！
[2026-03-23 10:44:19] [INFO] 
[请求 4] t=9.4s | User 0 请求 DT_FAC_01
[2026-03-23 10:44:19] [INFO] 用户联通淘汰 1
[2026-03-23 10:44:19] [INFO] 用户联通淘汰 2
[2026-03-23 10:44:19] [INFO] 用户联通淘汰 3
[2026-03-23 10:44:19] [WARNING]   -> [Error] 未找到可用节点！
[2026-03-23 10:44:19] [INFO] 仿真结束，正在生成结果报告...
[2026-03-23 10:50:36] [INFO] 初始化网络拓扑...
[2026-03-23 10:50:36] [INFO] === 开始运行 AoI-DT-DAP 仿真 ===
[2026-03-23 10:50:36] [INFO] 
[请求 1] t=1.3s | User 99 请求 DT_FAC_01
[2026-03-23 10:52:42] [INFO] 初始化网络拓扑...
[2026-03-23 10:52:42] [INFO] === 开始运行 AoI-DT-DAP 仿真 ===
[2026-03-23 10:52:42] [INFO] 
[请求 1] t=1.5s | User 99 请求 DT_FAC_01
[2026-03-23 10:52:42] [INFO]   -> 决策: 部署到 Node 3
[2026-03-23 10:52:42] [INFO]   -> 预计指标: Score=7.05 | AoI=4.05s | Cost=3.00
[2026-03-23 10:52:42] [INFO] 
[请求 2] t=4.5s | User 99 请求 DT_FAC_01
[2026-03-23 10:52:42] [INFO]   -> 决策: 部署到 Node 3
[2026-03-23 10:52:42] [INFO]   -> 预计指标: Score=7.05 | AoI=4.05s | Cost=3.00
[2026-03-23 10:52:42] [INFO] 
[请求 3] t=6.9s | User 99 请求 DT_FAC_01
[2026-03-23 10:52:42] [INFO]   -> 决策: 部署到 Node 3
[2026-03-23 10:52:42] [INFO]   -> 预计指标: Score=7.05 | AoI=4.05s | Cost=3.00
[2026-03-23 10:52:42] [INFO] 
[请求 4] t=9.0s | User 99 请求 DT_CAR_01
[2026-03-23 10:52:42] [INFO] 内存淘汰 1
[2026-03-23 10:52:42] [INFO]   -> 决策: 部署到 Node 3
[2026-03-23 10:52:42] [INFO]   -> 预计指标: Score=8.32 | AoI=5.33s | Cost=3.00
[2026-03-23 10:52:42] [INFO] 仿真结束，正在生成结果报告...
[2026-03-23 11:10:45] [INFO] 初始化网络拓扑...
[2026-03-23 11:10:45] [INFO] 正在生成泊松请求事件流...
[2026-03-23 11:10:45] [INFO] === 开始运行 AoI-DT-DAP 仿真 ===
[2026-03-23 11:10:45] [INFO] 
[请求 1] t=2.04s | User 0 请求 DT_FAC_01
[2026-03-23 11:10:45] [INFO]   -> 决策: 部署到 Node 3
[2026-03-23 11:10:45] [INFO]   -> 预计指标: Score=6.95 | AoI=3.95s | Cost=3.00
[2026-03-23 11:10:45] [INFO] 
[请求 2] t=2.60s | User 0 请求 DT_CAR_01
[2026-03-23 11:10:45] [INFO] 内存淘汰 1
[2026-03-23 11:10:45] [INFO]   -> 决策: 部署到 Node 2
[2026-03-23 11:10:45] [INFO]   -> 预计指标: Score=9.10 | AoI=7.10s | Cost=2.00
[2026-03-23 11:10:45] [INFO] 
[请求 3] t=4.86s | User 0 请求 DT_FAC_01
[2026-03-23 11:10:45] [INFO]   -> 决策: 部署到 Node 2
[2026-03-23 11:10:45] [INFO]   -> 预计指标: Score=18.84 | AoI=6.84s | Cost=12.00
[2026-03-23 11:10:45] [WARNING]   -> [!] 发生服务迁移
[2026-03-23 11:10:45] [INFO] 
[请求 4] t=4.92s | User 0 请求 DT_CAR_01
[2026-03-23 11:10:45] [INFO] 内存淘汰 1
[2026-03-23 11:10:45] [INFO]   -> 决策: 部署到 Node 2
[2026-03-23 11:10:45] [INFO]   -> 预计指标: Score=13.78 | AoI=11.78s | Cost=2.00
[2026-03-23 11:10:45] [INFO] 
[请求 5] t=5.45s | User 0 请求 DT_CAR_01
[2026-03-23 11:10:45] [INFO] 内存淘汰 1
[2026-03-23 11:10:45] [INFO]   -> 决策: 部署到 Node 2
[2026-03-23 11:10:45] [INFO]   -> 预计指标: Score=18.25 | AoI=16.25s | Cost=2.00
[2026-03-23 11:10:45] [INFO] 
[请求 6] t=7.97s | User 99 请求 DT_CAR_01
[2026-03-23 11:10:45] [INFO] 内存淘汰 1
[2026-03-23 11:10:45] [INFO]   -> 决策: 部署到 Node 2
[2026-03-23 11:10:45] [INFO]   -> 预计指标: Score=20.73 | AoI=18.73s | Cost=2.00
[2026-03-23 11:10:45] [INFO] 
[请求 7] t=9.17s | User 99 请求 DT_CAR_01
[2026-03-23 11:10:45] [INFO] 内存淘汰 1
[2026-03-23 11:10:45] [INFO]   -> 决策: 部署到 Node 3
[2026-03-23 11:10:45] [INFO]   -> 预计指标: Score=18.32 | AoI=5.33s | Cost=13.00
[2026-03-23 11:10:45] [WARNING]   -> [!] 发生服务迁移
[2026-03-23 11:10:45] [INFO] 
[请求 8] t=12.01s | User 0 请求 DT_FAC_01
[2026-03-23 11:10:45] [INFO]   -> 决策: 部署到 Node 2
[2026-03-23 11:10:45] [INFO]   -> 预计指标: Score=18.69 | AoI=16.69s | Cost=2.00
[2026-03-23 11:10:45] [INFO] 
[请求 9] t=12.84s | User 0 请求 DT_CAR_01
[2026-03-23 11:10:45] [INFO] 内存淘汰 1
[2026-03-23 11:10:45] [INFO]   -> 决策: 部署到 Node 3
[2026-03-23 11:10:45] [INFO]   -> 预计指标: Score=8.22 | AoI=5.22s | Cost=3.00
[2026-03-23 11:10:45] [INFO] 
[请求 10] t=19.14s | User 99 请求 DT_CAR_01
[2026-03-23 11:10:45] [INFO] 内存淘汰 1
[2026-03-23 11:10:45] [INFO]   -> 决策: 部署到 Node 3
[2026-03-23 11:10:45] [INFO]   -> 预计指标: Score=8.32 | AoI=5.33s | Cost=3.00
[2026-03-23 11:10:45] [INFO] 
[请求 11] t=19.34s | User 0 请求 DT_FAC_01
[2026-03-23 11:10:45] [INFO]   -> 决策: 部署到 Node 1
[2026-03-23 11:10:45] [INFO]   -> 预计指标: Score=16.70 | AoI=3.70s | Cost=13.00
[2026-03-23 11:10:45] [WARNING]   -> [!] 发生服务迁移
[2026-03-23 11:10:45] [INFO] 
[请求 12] t=23.10s | User 99 请求 DT_CAR_01
[2026-03-23 11:10:45] [INFO] 内存淘汰 1
[2026-03-23 11:10:45] [INFO]   -> 决策: 部署到 Node 3
[2026-03-23 11:10:45] [INFO]   -> 预计指标: Score=8.32 | AoI=5.33s | Cost=3.00
[2026-03-23 11:10:45] [INFO] 
[请求 13] t=25.72s | User 0 请求 DT_FAC_01
[2026-03-23 11:10:45] [INFO]   -> 决策: 部署到 Node 2
[2026-03-23 11:10:45] [INFO]   -> 预计指标: Score=16.99 | AoI=4.99s | Cost=12.00
[2026-03-23 11:10:45] [WARNING]   -> [!] 发生服务迁移
[2026-03-23 11:10:45] [INFO] 
[请求 14] t=25.88s | User 99 请求 DT_FAC_01
[2026-03-23 11:10:45] [INFO]   -> 决策: 部署到 Node 1
[2026-03-23 11:10:45] [INFO]   -> 预计指标: Score=16.70 | AoI=3.70s | Cost=13.00
[2026-03-23 11:10:45] [WARNING]   -> [!] 发生服务迁移
[2026-03-23 11:10:45] [INFO] 
[请求 15] t=27.60s | User 0 请求 DT_CAR_01
[2026-03-23 11:10:45] [INFO] 内存淘汰 1
[2026-03-23 11:10:45] [INFO]   -> 决策: 部署到 Node 3
[2026-03-23 11:10:45] [INFO]   -> 预计指标: Score=8.22 | AoI=5.22s | Cost=3.00
[2026-03-23 11:10:45] [INFO] 仿真结束，正在生成结果报告...
[2026-03-23 14:22:42] [INFO] 
========== 开始评测算法: Random Baseline ==========
[2026-03-23 14:22:42] [INFO] 初始化网络拓扑...
[2026-03-23 14:23:33] [INFO] 
========== 开始评测算法: Random Baseline ==========
[2026-03-23 14:23:33] [INFO] 初始化网络拓扑...
[2026-03-23 14:23:33] [INFO] [请求 1] 部署 Node 3 | AoI=3.95, Cost=3
[2026-03-23 14:23:33] [INFO] 内存淘汰 1
[2026-03-23 14:23:33] [INFO] [请求 2] 部署 Node 2 | AoI=7.10, Cost=2
[2026-03-23 14:23:33] [INFO] [请求 3] 部署 Node 1 | AoI=3.70, Cost=13
[2026-03-23 14:23:33] [INFO] 内存淘汰 1
[2026-03-23 14:23:33] [INFO] [请求 4] 部署 Node 3 | AoI=5.22, Cost=13
[2026-03-23 14:23:33] [INFO] 内存淘汰 1
[2026-03-23 14:23:33] [INFO] [请求 5] 部署 Node 3 | AoI=7.82, Cost=3
[2026-03-23 14:23:33] [INFO] 内存淘汰 1
[2026-03-23 14:23:33] [INFO] [请求 6] 部署 Node 3 | AoI=8.53, Cost=3
[2026-03-23 14:23:33] [INFO] 内存淘汰 1
[2026-03-23 14:23:33] [INFO] [请求 7] 部署 Node 2 | AoI=7.10, Cost=12
[2026-03-23 14:23:33] [INFO] [请求 8] 部署 Node 3 | AoI=5.64, Cost=13
[2026-03-23 14:23:33] [INFO] 内存淘汰 1
[2026-03-23 14:23:33] [INFO] [请求 9] 部署 Node 3 | AoI=7.93, Cost=13
[2026-03-23 14:23:33] [INFO] 内存淘汰 1
[2026-03-23 14:23:33] [INFO] [请求 10] 部署 Node 2 | AoI=7.10, Cost=12
[2026-03-23 14:23:33] [INFO] [请求 11] 部署 Node 1 | AoI=3.70, Cost=13
[2026-03-23 14:23:33] [INFO] 内存淘汰 1
[2026-03-23 14:23:33] [INFO] [请求 12] 部署 Node 2 | AoI=8.14, Cost=2
[2026-03-23 14:23:33] [INFO] [请求 13] 部署 Node 2 | AoI=7.53, Cost=12
[2026-03-23 14:23:33] [INFO] [请求 14] 部署 Node 2 | AoI=9.36, Cost=2
[2026-03-23 14:23:33] [INFO] 内存淘汰 1
[2026-03-23 14:23:33] [INFO] [请求 15] 部署 Node 3 | AoI=5.22, Cost=13
[2026-03-23 14:23:33] [INFO] 内存淘汰 1
[2026-03-23 14:23:33] [INFO] [请求 16] 部署 Node 2 | AoI=10.48, Cost=12
[2026-03-23 14:23:33] [INFO] [请求 17] 部署 Node 1 | AoI=3.70, Cost=13
[2026-03-23 14:23:33] [INFO] 内存淘汰 1
[2026-03-23 14:23:33] [INFO] [请求 18] 部署 Node 3 | AoI=5.33, Cost=13
[2026-03-23 14:23:33] [INFO] [请求 19] 部署 Node 1 | AoI=3.70, Cost=3
[2026-03-23 14:23:33] [INFO] 内存淘汰 1
[2026-03-23 14:23:33] [INFO] [请求 20] 部署 Node 3 | AoI=5.22, Cost=3
[2026-03-23 14:23:33] [INFO] 
========== 开始评测算法: Greedy Best ==========
[2026-03-23 14:23:33] [INFO] 初始化网络拓扑...
[2026-03-23 14:23:33] [INFO]     [评估] Node 1: Score=6.70 (AoI=3.70, Cost=3)
[2026-03-23 14:23:33] [INFO]     [评估] Node 2: Score=6.70 (AoI=4.70, Cost=2)
[2026-03-23 14:23:33] [INFO]     [评估] Node 3: Score=6.95 (AoI=3.95, Cost=3)
[2026-03-23 14:23:33] [INFO] [请求 1] 部署 Node 2 | AoI=4.70, Cost=2
[2026-03-23 14:23:33] [INFO]     [剪枝] Node 1 内存不足 (剩余 4G < 需求)
[2026-03-23 14:23:33] [INFO]     [评估] Node 2: Score=11.14 (AoI=9.14, Cost=2)
[2026-03-23 14:23:33] [INFO]     [评估] Node 3: Score=8.22 (AoI=5.22, Cost=3)
[2026-03-23 14:23:33] [INFO] [请求 2] 部署 Node 3 | AoI=5.22, Cost=3
[2026-03-23 14:23:33] [INFO]     [评估] Node 1: Score=16.70 (AoI=3.70, Cost=13)
[2026-03-23 14:23:33] [INFO]     [评估] Node 2: Score=6.70 (AoI=4.70, Cost=2)
[2026-03-23 14:23:33] [INFO]     [评估] Node 3: Score=17.22 (AoI=4.22, Cost=13)
[2026-03-23 14:23:33] [INFO] [请求 3] 部署 Node 2 | AoI=4.70, Cost=2
[2026-03-23 14:23:33] [INFO]     [剪枝] Node 1 内存不足 (剩余 4G < 需求)
[2026-03-23 14:23:33] [INFO]     [评估] Node 2: Score=21.64 (AoI=9.64, Cost=12)
[2026-03-23 14:23:33] [INFO]     [评估] Node 3: Score=9.03 (AoI=6.03, Cost=3)
[2026-03-23 14:23:33] [INFO] [请求 4] 部署 Node 3 | AoI=6.03, Cost=3
[2026-03-23 14:23:33] [INFO]     [剪枝] Node 1 内存不足 (剩余 4G < 需求)
[2026-03-23 14:23:33] [INFO]     [评估] Node 2: Score=21.11 (AoI=9.11, Cost=12)
[2026-03-23 14:23:33] [INFO]     [评估] Node 3: Score=11.62 (AoI=8.62, Cost=3)
[2026-03-23 14:23:33] [INFO] [请求 5] 部署 Node 3 | AoI=8.62, Cost=3
[2026-03-23 14:23:33] [INFO]     [剪枝] Node 1 内存不足 (剩余 4G < 需求)
[2026-03-23 14:23:33] [INFO]     [评估] Node 2: Score=19.10 (AoI=7.10, Cost=12)
[2026-03-23 14:23:33] [INFO]     [评估] Node 3: Score=12.33 (AoI=9.33, Cost=3)
[2026-03-23 14:23:33] [INFO] [请求 6] 部署 Node 3 | AoI=9.33, Cost=3
[2026-03-23 14:23:33] [INFO]     [剪枝] Node 1 内存不足 (剩余 4G < 需求)
[2026-03-23 14:23:33] [INFO]     [评估] Node 2: Score=19.10 (AoI=7.10, Cost=12)
[2026-03-23 14:23:33] [INFO]     [评估] Node 3: Score=14.26 (AoI=11.26, Cost=3)
[2026-03-23 14:23:33] [INFO] [请求 7] 部署 Node 3 | AoI=11.26, Cost=3
[2026-03-23 14:23:33] [INFO]     [评估] Node 1: Score=16.70 (AoI=3.70, Cost=13)
[2026-03-23 14:23:33] [INFO]     [评估] Node 2: Score=6.70 (AoI=4.70, Cost=2)
[2026-03-23 14:23:33] [INFO]     [评估] Node 3: Score=22.57 (AoI=9.57, Cost=13)
[2026-03-23 14:23:33] [INFO] [请求 8] 部署 Node 2 | AoI=4.70, Cost=2
[2026-03-23 14:23:33] [INFO]     [剪枝] Node 1 内存不足 (剩余 4G < 需求)
[2026-03-23 14:23:33] [INFO]     [评估] Node 2: Score=20.87 (AoI=8.87, Cost=12)
[2026-03-23 14:23:33] [INFO]     [评估] Node 3: Score=13.61 (AoI=10.61, Cost=3)
[2026-03-23 14:23:33] [INFO] [请求 9] 部署 Node 3 | AoI=10.61, Cost=3
[2026-03-23 14:23:33] [INFO]     [剪枝] Node 1 内存不足 (剩余 4G < 需求)
[2026-03-23 14:23:33] [INFO]     [评估] Node 2: Score=19.10 (AoI=7.10, Cost=12)
[2026-03-23 14:23:33] [INFO]     [评估] Node 3: Score=10.53 (AoI=7.53, Cost=3)
[2026-03-23 14:23:33] [INFO] [请求 10] 部署 Node 3 | AoI=7.53, Cost=3
[2026-03-23 14:23:33] [INFO]     [评估] Node 1: Score=16.70 (AoI=3.70, Cost=13)
[2026-03-23 14:23:33] [INFO]     [评估] Node 2: Score=6.70 (AoI=4.70, Cost=2)
[2026-03-23 14:23:33] [INFO]     [评估] Node 3: Score=21.49 (AoI=8.49, Cost=13)
[2026-03-23 14:23:33] [INFO] [请求 11] 部署 Node 2 | AoI=4.70, Cost=2
[2026-03-23 14:23:33] [INFO]     [剪枝] Node 1 内存不足 (剩余 4G < 需求)
[2026-03-23 14:23:33] [INFO]     [评估] Node 2: Score=19.10 (AoI=7.10, Cost=12)
[2026-03-23 14:23:33] [INFO]     [评估] Node 3: Score=9.70 (AoI=6.70, Cost=3)
[2026-03-23 14:23:33] [INFO] [请求 12] 部署 Node 3 | AoI=6.70, Cost=3
[2026-03-23 14:23:33] [INFO]     [评估] Node 1: Score=16.70 (AoI=3.70, Cost=13)
[2026-03-23 14:23:33] [INFO]     [评估] Node 2: Score=6.70 (AoI=4.70, Cost=2)
[2026-03-23 14:23:33] [INFO]     [评估] Node 3: Score=18.24 (AoI=5.24, Cost=13)
[2026-03-23 14:23:33] [INFO] [请求 13] 部署 Node 2 | AoI=4.70, Cost=2
[2026-03-23 14:23:33] [INFO]     [评估] Node 1: Score=16.70 (AoI=3.70, Cost=13)
[2026-03-23 14:23:33] [INFO]     [评估] Node 2: Score=8.54 (AoI=6.54, Cost=2)
[2026-03-23 14:23:33] [INFO]     [评估] Node 3: Score=18.17 (AoI=5.17, Cost=13)
[2026-03-23 14:23:33] [INFO] [请求 14] 部署 Node 2 | AoI=6.54, Cost=2
[2026-03-23 14:23:33] [INFO]     [剪枝] Node 1 内存不足 (剩余 4G < 需求)
[2026-03-23 14:23:33] [INFO]     [评估] Node 2: Score=21.81 (AoI=9.81, Cost=12)
[2026-03-23 14:23:33] [INFO]     [评估] Node 3: Score=8.22 (AoI=5.22, Cost=3)
[2026-03-23 14:23:33] [INFO] [请求 15] 部署 Node 3 | AoI=5.22, Cost=3
[2026-03-23 14:23:33] [INFO]     [剪枝] Node 1 内存不足 (剩余 4G < 需求)
[2026-03-23 14:23:33] [INFO]     [评估] Node 2: Score=19.65 (AoI=7.65, Cost=12)
[2026-03-23 14:23:33] [INFO]     [评估] Node 3: Score=9.28 (AoI=6.28, Cost=3)
[2026-03-23 14:23:33] [INFO] [请求 16] 部署 Node 3 | AoI=6.28, Cost=3
[2026-03-23 14:23:33] [INFO]     [评估] Node 1: Score=16.70 (AoI=3.70, Cost=13)
[2026-03-23 14:23:33] [INFO]     [评估] Node 2: Score=6.70 (AoI=4.70, Cost=2)
[2026-03-23 14:23:33] [INFO]     [评估] Node 3: Score=16.95 (AoI=3.95, Cost=13)
[2026-03-23 14:23:33] [INFO] [请求 17] 部署 Node 2 | AoI=4.70, Cost=2
[2026-03-23 14:23:33] [INFO]     [剪枝] Node 1 内存不足 (剩余 4G < 需求)
[2026-03-23 14:23:33] [INFO]     [评估] Node 2: Score=21.05 (AoI=9.05, Cost=12)
[2026-03-23 14:23:33] [INFO]     [评估] Node 3: Score=8.32 (AoI=5.33, Cost=3)
[2026-03-23 14:23:33] [INFO] [请求 18] 部署 Node 3 | AoI=5.33, Cost=3
[2026-03-23 14:23:33] [INFO]     [评估] Node 1: Score=16.70 (AoI=3.70, Cost=13)
[2026-03-23 14:23:33] [INFO]     [评估] Node 2: Score=7.12 (AoI=5.12, Cost=2)
[2026-03-23 14:23:33] [INFO]     [评估] Node 3: Score=18.55 (AoI=5.55, Cost=13)
[2026-03-23 14:23:33] [INFO] [请求 19] 部署 Node 2 | AoI=5.12, Cost=2
[2026-03-23 14:23:33] [INFO]     [剪枝] Node 1 内存不足 (剩余 4G < 需求)
[2026-03-23 14:23:33] [INFO]     [评估] Node 2: Score=19.70 (AoI=7.70, Cost=12)
[2026-03-23 14:23:33] [INFO]     [评估] Node 3: Score=8.22 (AoI=5.22, Cost=3)
[2026-03-23 14:23:33] [INFO] [请求 20] 部署 Node 3 | AoI=5.22, Cost=3
[2026-03-23 14:23:33] [INFO] 
仿真结束，正在生成对比可视化报表...
[2026-03-23 14:29:23] [INFO] 
========== 开始评测算法: Random Baseline ==========
[2026-03-23 14:29:23] [INFO] 初始化网络拓扑...
[2026-03-23 14:29:23] [INFO] [请求 1] 部署 Node 3 | AoI=3.95, Cost=3
[2026-03-23 14:29:23] [INFO] 内存淘汰 1
[2026-03-23 14:29:23] [INFO] [请求 2] 部署 Node 3 | AoI=6.51, Cost=3
[2026-03-23 14:29:23] [INFO] [请求 3] 部署 Node 1 | AoI=3.70, Cost=13
[2026-03-23 14:29:23] [INFO] 内存淘汰 1
[2026-03-23 14:29:23] [INFO] [请求 4] 部署 Node 2 | AoI=7.10, Cost=12
[2026-03-23 14:29:23] [INFO] 内存淘汰 1
[2026-03-23 14:29:23] [INFO] [请求 5] 部署 Node 2 | AoI=11.57, Cost=2
[2026-03-23 14:29:23] [INFO] 内存淘汰 1
[2026-03-23 14:29:23] [INFO] [请求 6] 部署 Node 2 | AoI=14.05, Cost=2
[2026-03-23 14:29:23] [INFO] 内存淘汰 1
[2026-03-23 14:29:23] [INFO] [请求 7] 部署 Node 3 | AoI=5.33, Cost=13
[2026-03-23 14:29:23] [INFO] [请求 8] 部署 Node 1 | AoI=3.70, Cost=3
[2026-03-23 14:29:23] [INFO] 内存淘汰 1
[2026-03-23 14:29:23] [INFO] [请求 9] 部署 Node 2 | AoI=14.18, Cost=12
[2026-03-23 14:29:23] [INFO] 内存淘汰 1
[2026-03-23 14:29:23] [INFO] [请求 10] 部署 Node 2 | AoI=12.88, Cost=2
[2026-03-23 14:29:23] [INFO] [请求 11] 部署 Node 1 | AoI=3.70, Cost=3
[2026-03-23 14:29:23] [INFO] 内存淘汰 1
[2026-03-23 14:29:23] [INFO] [请求 12] 部署 Node 2 | AoI=13.92, Cost=2
[2026-03-23 14:29:23] [INFO] [请求 13] 部署 Node 3 | AoI=3.95, Cost=13
[2026-03-23 14:29:23] [INFO] [请求 14] 部署 Node 3 | AoI=5.14, Cost=3
[2026-03-23 14:29:23] [INFO] 内存淘汰 1
[2026-03-23 14:29:23] [INFO] [请求 15] 部署 Node 2 | AoI=14.42, Cost=2
[2026-03-23 14:29:23] [INFO] 内存淘汰 1
[2026-03-23 14:29:23] [INFO] [请求 16] 部署 Node 2 | AoI=17.26, Cost=2
[2026-03-23 14:29:23] [INFO] [请求 17] 部署 Node 1 | AoI=3.70, Cost=13
[2026-03-23 14:29:23] [INFO] 内存淘汰 1
[2026-03-23 14:29:23] [INFO] [请求 18] 部署 Node 2 | AoI=17.74, Cost=2
[2026-03-23 14:29:23] [INFO] [请求 19] 部署 Node 2 | AoI=18.81, Cost=12
[2026-03-23 14:29:23] [INFO] 内存淘汰 1
[2026-03-23 14:29:23] [INFO] [请求 20] 部署 Node 2 | AoI=21.39, Cost=2
[2026-03-23 14:29:23] [INFO] 内存淘汰 1
[2026-03-23 14:29:23] [INFO] [请求 21] 部署 Node 2 | AoI=24.87, Cost=2
[2026-03-23 14:29:23] [INFO] 内存淘汰 1
[2026-03-23 14:29:23] [INFO] [请求 22] 部署 Node 3 | AoI=5.33, Cost=13
[2026-03-23 14:29:23] [INFO] 内存淘汰 1
[2026-03-23 14:29:23] [INFO] [请求 23] 部署 Node 3 | AoI=6.04, Cost=3
[2026-03-23 14:29:23] [INFO] [请求 24] 部署 Node 1 | AoI=3.70, Cost=13
[2026-03-23 14:29:23] [INFO] [请求 25] 部署 Node 3 | AoI=3.95, Cost=13
[2026-03-23 14:29:23] [INFO] [请求 26] 部署 Node 1 | AoI=3.70, Cost=13
[2026-03-23 14:29:23] [INFO] 内存淘汰 1
[2026-03-23 14:29:23] [INFO] [请求 27] 部署 Node 3 | AoI=5.33, Cost=3
[2026-03-23 14:29:23] [INFO] [请求 28] 部署 Node 1 | AoI=3.70, Cost=3
[2026-03-23 14:29:23] [INFO] [请求 29] 部署 Node 2 | AoI=11.08, Cost=12
[2026-03-23 14:29:23] [INFO] [请求 30] 部署 Node 2 | AoI=12.18, Cost=2
[2026-03-23 14:29:23] [INFO] 内存淘汰 1
[2026-03-23 14:29:23] [INFO] [请求 31] 部署 Node 2 | AoI=16.99, Cost=12
[2026-03-23 14:29:23] [INFO] [请求 32] 部署 Node 1 | AoI=3.70, Cost=13
[2026-03-23 14:29:23] [INFO] [请求 33] 部署 Node 1 | AoI=3.70, Cost=3
[2026-03-23 14:29:23] [INFO] [请求 34] 部署 Node 3 | AoI=4.05, Cost=13
[2026-03-23 14:29:23] [INFO] 内存淘汰 1
[2026-03-23 14:29:23] [INFO] [请求 35] 部署 Node 3 | AoI=5.22, Cost=13
[2026-03-23 14:29:23] [INFO] [请求 36] 部署 Node 2 | AoI=5.66, Cost=12
[2026-03-23 14:29:23] [INFO] 内存淘汰 1
[2026-03-23 14:29:23] [INFO] [请求 37] 部署 Node 3 | AoI=5.92, Cost=3
[2026-03-23 14:29:23] [INFO] 内存淘汰 1
[2026-03-23 14:29:23] [INFO] [请求 38] 部署 Node 3 | AoI=7.84, Cost=3
[2026-03-23 14:29:23] [INFO] [请求 39] 部署 Node 2 | AoI=4.80, Cost=2
[2026-03-23 14:29:23] [INFO] 内存淘汰 1
[2026-03-23 14:29:23] [INFO] [请求 40] 部署 Node 2 | AoI=7.10, Cost=12
[2026-03-23 14:29:23] [INFO] 内存淘汰 1
[2026-03-23 14:29:23] [INFO] [请求 41] 部署 Node 2 | AoI=11.16, Cost=2
[2026-03-23 14:29:23] [INFO] 内存淘汰 1
[2026-03-23 14:29:23] [INFO] [请求 42] 部署 Node 2 | AoI=14.34, Cost=2
[2026-03-23 14:29:23] [INFO] [请求 43] 部署 Node 2 | AoI=16.10, Cost=2
[2026-03-23 14:29:23] [INFO] 内存淘汰 1
[2026-03-23 14:29:23] [INFO] [请求 44] 部署 Node 3 | AoI=5.22, Cost=13
[2026-03-23 14:29:23] [INFO] 内存淘汰 1
[2026-03-23 14:29:23] [INFO] [请求 45] 部署 Node 2 | AoI=20.37, Cost=12
[2026-03-23 14:29:23] [INFO] 内存淘汰 1
[2026-03-23 14:29:23] [INFO] [请求 46] 部署 Node 2 | AoI=17.74, Cost=2
[2026-03-23 14:29:23] [INFO] [请求 47] 部署 Node 1 | AoI=3.70, Cost=13
[2026-03-23 14:29:23] [INFO] 内存淘汰 1
[2026-03-23 14:29:23] [INFO] [请求 48] 部署 Node 2 | AoI=19.08, Cost=2
[2026-03-23 14:29:23] [INFO] [请求 49] 部署 Node 3 | AoI=3.95, Cost=13
[2026-03-23 14:29:23] [INFO] [请求 50] 部署 Node 2 | AoI=14.78, Cost=12
[2026-03-23 14:29:23] [INFO] 
========== 开始评测算法: Greedy Best ==========
[2026-03-23 14:29:23] [INFO] 初始化网络拓扑...
[2026-03-23 14:29:23] [INFO]     [评估] Node 1: Score=6.70 (AoI=3.70, Cost=3)
[2026-03-23 14:29:23] [INFO]     [评估] Node 2: Score=6.70 (AoI=4.70, Cost=2)
[2026-03-23 14:29:23] [INFO]     [评估] Node 3: Score=6.95 (AoI=3.95, Cost=3)
[2026-03-23 14:29:23] [INFO] [请求 1] 部署 Node 2 | AoI=4.70, Cost=2
[2026-03-23 14:29:23] [INFO]     [剪枝] Node 1 内存不足 (剩余 4G < 需求)
[2026-03-23 14:29:23] [INFO]     [评估] Node 2: Score=11.14 (AoI=9.14, Cost=2)
[2026-03-23 14:29:23] [INFO]     [评估] Node 3: Score=8.22 (AoI=5.22, Cost=3)
[2026-03-23 14:29:23] [INFO] [请求 2] 部署 Node 3 | AoI=5.22, Cost=3
[2026-03-23 14:29:23] [INFO]     [评估] Node 1: Score=16.70 (AoI=3.70, Cost=13)
[2026-03-23 14:29:23] [INFO]     [评估] Node 2: Score=6.70 (AoI=4.70, Cost=2)
[2026-03-23 14:29:23] [INFO]     [评估] Node 3: Score=17.22 (AoI=4.22, Cost=13)
[2026-03-23 14:29:23] [INFO] [请求 3] 部署 Node 2 | AoI=4.70, Cost=2
[2026-03-23 14:29:23] [INFO]     [剪枝] Node 1 内存不足 (剩余 4G < 需求)
[2026-03-23 14:29:23] [INFO]     [评估] Node 2: Score=21.64 (AoI=9.64, Cost=12)
[2026-03-23 14:29:23] [INFO]     [评估] Node 3: Score=9.03 (AoI=6.03, Cost=3)
[2026-03-23 14:29:23] [INFO] [请求 4] 部署 Node 3 | AoI=6.03, Cost=3
[2026-03-23 14:29:23] [INFO]     [剪枝] Node 1 内存不足 (剩余 4G < 需求)
[2026-03-23 14:29:23] [INFO]     [评估] Node 2: Score=21.11 (AoI=9.11, Cost=12)
[2026-03-23 14:29:23] [INFO]     [评估] Node 3: Score=11.62 (AoI=8.62, Cost=3)
[2026-03-23 14:29:23] [INFO] [请求 5] 部署 Node 3 | AoI=8.62, Cost=3
[2026-03-23 14:29:23] [INFO]     [剪枝] Node 1 内存不足 (剩余 4G < 需求)
[2026-03-23 14:29:23] [INFO]     [评估] Node 2: Score=19.10 (AoI=7.10, Cost=12)
[2026-03-23 14:29:23] [INFO]     [评估] Node 3: Score=12.33 (AoI=9.33, Cost=3)
[2026-03-23 14:29:23] [INFO] [请求 6] 部署 Node 3 | AoI=9.33, Cost=3
[2026-03-23 14:29:23] [INFO]     [剪枝] Node 1 内存不足 (剩余 4G < 需求)
[2026-03-23 14:29:23] [INFO]     [评估] Node 2: Score=19.10 (AoI=7.10, Cost=12)
[2026-03-23 14:29:23] [INFO]     [评估] Node 3: Score=14.26 (AoI=11.26, Cost=3)
[2026-03-23 14:29:23] [INFO] [请求 7] 部署 Node 3 | AoI=11.26, Cost=3
[2026-03-23 14:29:23] [INFO]     [评估] Node 1: Score=16.70 (AoI=3.70, Cost=13)
[2026-03-23 14:29:23] [INFO]     [评估] Node 2: Score=6.70 (AoI=4.70, Cost=2)
[2026-03-23 14:29:23] [INFO]     [评估] Node 3: Score=22.57 (AoI=9.57, Cost=13)
[2026-03-23 14:29:23] [INFO] [请求 8] 部署 Node 2 | AoI=4.70, Cost=2
[2026-03-23 14:29:23] [INFO]     [剪枝] Node 1 内存不足 (剩余 4G < 需求)
[2026-03-23 14:29:23] [INFO]     [评估] Node 2: Score=20.87 (AoI=8.87, Cost=12)
[2026-03-23 14:29:23] [INFO]     [评估] Node 3: Score=13.61 (AoI=10.61, Cost=3)
[2026-03-23 14:29:23] [INFO] [请求 9] 部署 Node 3 | AoI=10.61, Cost=3
[2026-03-23 14:29:23] [INFO]     [剪枝] Node 1 内存不足 (剩余 4G < 需求)
[2026-03-23 14:29:23] [INFO]     [评估] Node 2: Score=19.10 (AoI=7.10, Cost=12)
[2026-03-23 14:29:23] [INFO]     [评估] Node 3: Score=10.53 (AoI=7.53, Cost=3)
[2026-03-23 14:29:23] [INFO] [请求 10] 部署 Node 3 | AoI=7.53, Cost=3
[2026-03-23 14:29:23] [INFO]     [评估] Node 1: Score=16.70 (AoI=3.70, Cost=13)
[2026-03-23 14:29:23] [INFO]     [评估] Node 2: Score=6.70 (AoI=4.70, Cost=2)
[2026-03-23 14:29:23] [INFO]     [评估] Node 3: Score=21.49 (AoI=8.49, Cost=13)
[2026-03-23 14:29:23] [INFO] [请求 11] 部署 Node 2 | AoI=4.70, Cost=2
[2026-03-23 14:29:23] [INFO]     [剪枝] Node 1 内存不足 (剩余 4G < 需求)
[2026-03-23 14:29:23] [INFO]     [评估] Node 2: Score=19.10 (AoI=7.10, Cost=12)
[2026-03-23 14:29:23] [INFO]     [评估] Node 3: Score=9.70 (AoI=6.70, Cost=3)
[2026-03-23 14:29:23] [INFO] [请求 12] 部署 Node 3 | AoI=6.70, Cost=3
[2026-03-23 14:29:23] [INFO]     [评估] Node 1: Score=16.70 (AoI=3.70, Cost=13)
[2026-03-23 14:29:23] [INFO]     [评估] Node 2: Score=6.70 (AoI=4.70, Cost=2)
[2026-03-23 14:29:23] [INFO]     [评估] Node 3: Score=18.24 (AoI=5.24, Cost=13)
[2026-03-23 14:29:23] [INFO] [请求 13] 部署 Node 2 | AoI=4.70, Cost=2
[2026-03-23 14:29:23] [INFO]     [评估] Node 1: Score=16.70 (AoI=3.70, Cost=13)
[2026-03-23 14:29:23] [INFO]     [评估] Node 2: Score=8.54 (AoI=6.54, Cost=2)
[2026-03-23 14:29:23] [INFO]     [评估] Node 3: Score=18.17 (AoI=5.17, Cost=13)
[2026-03-23 14:29:23] [INFO] [请求 14] 部署 Node 2 | AoI=6.54, Cost=2
[2026-03-23 14:29:23] [INFO]     [剪枝] Node 1 内存不足 (剩余 4G < 需求)
[2026-03-23 14:29:23] [INFO]     [评估] Node 2: Score=21.81 (AoI=9.81, Cost=12)
[2026-03-23 14:29:23] [INFO]     [评估] Node 3: Score=8.22 (AoI=5.22, Cost=3)
[2026-03-23 14:29:23] [INFO] [请求 15] 部署 Node 3 | AoI=5.22, Cost=3
[2026-03-23 14:29:23] [INFO]     [剪枝] Node 1 内存不足 (剩余 4G < 需求)
[2026-03-23 14:29:23] [INFO]     [评估] Node 2: Score=19.65 (AoI=7.65, Cost=12)
[2026-03-23 14:29:23] [INFO]     [评估] Node 3: Score=9.28 (AoI=6.28, Cost=3)
[2026-03-23 14:29:23] [INFO] [请求 16] 部署 Node 3 | AoI=6.28, Cost=3
[2026-03-23 14:29:23] [INFO]     [评估] Node 1: Score=16.70 (AoI=3.70, Cost=13)
[2026-03-23 14:29:23] [INFO]     [评估] Node 2: Score=6.70 (AoI=4.70, Cost=2)
[2026-03-23 14:29:23] [INFO]     [评估] Node 3: Score=16.95 (AoI=3.95, Cost=13)
[2026-03-23 14:29:23] [INFO] [请求 17] 部署 Node 2 | AoI=4.70, Cost=2
[2026-03-23 14:29:23] [INFO]     [剪枝] Node 1 内存不足 (剩余 4G < 需求)
[2026-03-23 14:29:23] [INFO]     [评估] Node 2: Score=21.05 (AoI=9.05, Cost=12)
[2026-03-23 14:29:23] [INFO]     [评估] Node 3: Score=8.32 (AoI=5.33, Cost=3)
[2026-03-23 14:29:23] [INFO] [请求 18] 部署 Node 3 | AoI=5.33, Cost=3
[2026-03-23 14:29:23] [INFO]     [评估] Node 1: Score=16.70 (AoI=3.70, Cost=13)
[2026-03-23 14:29:23] [INFO]     [评估] Node 2: Score=7.12 (AoI=5.12, Cost=2)
[2026-03-23 14:29:23] [INFO]     [评估] Node 3: Score=18.55 (AoI=5.55, Cost=13)
[2026-03-23 14:29:23] [INFO] [请求 19] 部署 Node 2 | AoI=5.12, Cost=2
[2026-03-23 14:29:23] [INFO]     [剪枝] Node 1 内存不足 (剩余 4G < 需求)
[2026-03-23 14:29:23] [INFO]     [评估] Node 2: Score=19.70 (AoI=7.70, Cost=12)
[2026-03-23 14:29:23] [INFO]     [评估] Node 3: Score=8.22 (AoI=5.22, Cost=3)
[2026-03-23 14:29:23] [INFO] [请求 20] 部署 Node 3 | AoI=5.22, Cost=3
[2026-03-23 14:29:23] [INFO]     [剪枝] Node 1 内存不足 (剩余 4G < 需求)
[2026-03-23 14:29:23] [INFO]     [评估] Node 2: Score=19.10 (AoI=7.10, Cost=12)
[2026-03-23 14:29:23] [INFO]     [评估] Node 3: Score=9.82 (AoI=6.82, Cost=3)
[2026-03-23 14:29:23] [INFO] [请求 21] 部署 Node 3 | AoI=6.82, Cost=3
[2026-03-23 14:29:23] [INFO]     [剪枝] Node 1 内存不足 (剩余 4G < 需求)
[2026-03-23 14:29:23] [INFO]     [评估] Node 2: Score=19.10 (AoI=7.10, Cost=12)
[2026-03-23 14:29:23] [INFO]     [评估] Node 3: Score=11.81 (AoI=8.81, Cost=3)
[2026-03-23 14:29:23] [INFO] [请求 22] 部署 Node 3 | AoI=8.81, Cost=3
[2026-03-23 14:29:23] [INFO]     [剪枝] Node 1 内存不足 (剩余 4G < 需求)
[2026-03-23 14:29:23] [INFO]     [评估] Node 2: Score=19.10 (AoI=7.10, Cost=12)
[2026-03-23 14:29:23] [INFO]     [评估] Node 3: Score=12.52 (AoI=9.52, Cost=3)
[2026-03-23 14:29:23] [INFO] [请求 23] 部署 Node 3 | AoI=9.52, Cost=3
[2026-03-23 14:29:23] [INFO]     [评估] Node 1: Score=16.70 (AoI=3.70, Cost=13)
[2026-03-23 14:29:23] [INFO]     [评估] Node 2: Score=6.70 (AoI=4.70, Cost=2)
[2026-03-23 14:29:23] [INFO]     [评估] Node 3: Score=20.42 (AoI=7.42, Cost=13)
[2026-03-23 14:29:23] [INFO] [请求 24] 部署 Node 2 | AoI=4.70, Cost=2
[2026-03-23 14:29:23] [INFO]     [评估] Node 1: Score=16.70 (AoI=3.70, Cost=13)
[2026-03-23 14:29:23] [INFO]     [评估] Node 2: Score=8.08 (AoI=6.08, Cost=2)
[2026-03-23 14:29:23] [INFO]     [评估] Node 3: Score=19.70 (AoI=6.70, Cost=13)
[2026-03-23 14:29:23] [INFO] [请求 25] 部署 Node 2 | AoI=6.08, Cost=2
[2026-03-23 14:29:23] [INFO]     [评估] Node 1: Score=16.70 (AoI=3.70, Cost=13)
[2026-03-23 14:29:23] [INFO]     [评估] Node 2: Score=9.60 (AoI=7.60, Cost=2)
[2026-03-23 14:29:23] [INFO]     [评估] Node 3: Score=19.32 (AoI=6.32, Cost=13)
[2026-03-23 14:29:23] [INFO] [请求 26] 部署 Node 2 | AoI=7.60, Cost=2
[2026-03-23 14:29:23] [INFO]     [剪枝] Node 1 内存不足 (剩余 4G < 需求)
[2026-03-23 14:29:23] [INFO]     [评估] Node 2: Score=20.28 (AoI=8.28, Cost=12)
[2026-03-23 14:29:23] [INFO]     [评估] Node 3: Score=8.32 (AoI=5.33, Cost=3)
[2026-03-23 14:29:23] [INFO] [请求 27] 部署 Node 3 | AoI=5.33, Cost=3
[2026-03-23 14:29:23] [INFO]     [评估] Node 1: Score=16.70 (AoI=3.70, Cost=13)
[2026-03-23 14:29:23] [INFO]     [评估] Node 2: Score=6.70 (AoI=4.70, Cost=2)
[2026-03-23 14:29:23] [INFO]     [评估] Node 3: Score=18.86 (AoI=5.86, Cost=13)
[2026-03-23 14:29:23] [INFO] [请求 28] 部署 Node 2 | AoI=4.70, Cost=2
[2026-03-23 14:29:23] [INFO]     [评估] Node 1: Score=16.70 (AoI=3.70, Cost=13)
[2026-03-23 14:29:23] [INFO]     [评估] Node 2: Score=6.70 (AoI=4.70, Cost=2)
[2026-03-23 14:29:23] [INFO]     [评估] Node 3: Score=17.05 (AoI=4.05, Cost=13)
[2026-03-23 14:29:23] [INFO] [请求 29] 部署 Node 2 | AoI=4.70, Cost=2
[2026-03-23 14:29:23] [INFO]     [评估] Node 1: Score=16.70 (AoI=3.70, Cost=13)
[2026-03-23 14:29:23] [INFO]     [评估] Node 2: Score=7.80 (AoI=5.80, Cost=2)
[2026-03-23 14:29:23] [INFO]     [评估] Node 3: Score=16.95 (AoI=3.95, Cost=13)
[2026-03-23 14:29:23] [INFO] [请求 30] 部署 Node 2 | AoI=5.80, Cost=2
[2026-03-23 14:29:23] [INFO]     [剪枝] Node 1 内存不足 (剩余 4G < 需求)
[2026-03-23 14:29:23] [INFO]     [评估] Node 2: Score=22.61 (AoI=10.61, Cost=12)
[2026-03-23 14:29:23] [INFO]     [评估] Node 3: Score=8.22 (AoI=5.22, Cost=3)
[2026-03-23 14:29:23] [INFO] [请求 31] 部署 Node 3 | AoI=5.22, Cost=3
[2026-03-23 14:29:23] [INFO]     [评估] Node 1: Score=16.70 (AoI=3.70, Cost=13)
[2026-03-23 14:29:23] [INFO]     [评估] Node 2: Score=9.28 (AoI=7.28, Cost=2)
[2026-03-23 14:29:23] [INFO]     [评估] Node 3: Score=19.14 (AoI=6.14, Cost=13)
[2026-03-23 14:29:23] [INFO] [请求 32] 部署 Node 2 | AoI=7.28, Cost=2
[2026-03-23 14:29:23] [INFO]     [评估] Node 1: Score=16.70 (AoI=3.70, Cost=13)
[2026-03-23 14:29:23] [INFO]     [评估] Node 2: Score=9.46 (AoI=7.46, Cost=2)
[2026-03-23 14:29:23] [INFO]     [评估] Node 3: Score=17.43 (AoI=4.43, Cost=13)
[2026-03-23 14:29:23] [INFO] [请求 33] 部署 Node 2 | AoI=7.46, Cost=2
[2026-03-23 14:29:23] [INFO]     [评估] Node 1: Score=16.70 (AoI=3.70, Cost=13)
[2026-03-23 14:29:23] [INFO]     [评估] Node 2: Score=9.65 (AoI=7.65, Cost=2)
[2026-03-23 14:29:23] [INFO]     [评估] Node 3: Score=17.05 (AoI=4.05, Cost=13)
[2026-03-23 14:29:23] [INFO] [请求 34] 部署 Node 2 | AoI=7.65, Cost=2
[2026-03-23 14:29:23] [INFO]     [剪枝] Node 1 内存不足 (剩余 4G < 需求)
[2026-03-23 14:29:23] [INFO]     [评估] Node 2: Score=19.10 (AoI=7.10, Cost=12)
[2026-03-23 14:29:23] [INFO]     [评估] Node 3: Score=8.22 (AoI=5.22, Cost=3)
[2026-03-23 14:29:23] [INFO] [请求 35] 部署 Node 3 | AoI=5.22, Cost=3
[2026-03-23 14:29:23] [INFO]     [评估] Node 1: Score=16.70 (AoI=3.70, Cost=13)
[2026-03-23 14:29:23] [INFO]     [评估] Node 2: Score=6.70 (AoI=4.70, Cost=2)
[2026-03-23 14:29:23] [INFO]     [评估] Node 3: Score=17.29 (AoI=4.29, Cost=13)
[2026-03-23 14:29:23] [INFO] [请求 36] 部署 Node 2 | AoI=4.70, Cost=2
[2026-03-23 14:29:23] [INFO]     [剪枝] Node 1 内存不足 (剩余 4G < 需求)
[2026-03-23 14:29:23] [INFO]     [评估] Node 2: Score=21.46 (AoI=9.46, Cost=12)
[2026-03-23 14:29:23] [INFO]     [评估] Node 3: Score=8.92 (AoI=5.92, Cost=3)
[2026-03-23 14:29:23] [INFO] [请求 37] 部署 Node 3 | AoI=5.92, Cost=3
[2026-03-23 14:29:23] [INFO]     [剪枝] Node 1 内存不足 (剩余 4G < 需求)
[2026-03-23 14:29:23] [INFO]     [评估] Node 2: Score=20.25 (AoI=8.25, Cost=12)
[2026-03-23 14:29:23] [INFO]     [评估] Node 3: Score=10.84 (AoI=7.84, Cost=3)
[2026-03-23 14:29:23] [INFO] [请求 38] 部署 Node 3 | AoI=7.84, Cost=3
[2026-03-23 14:29:23] [INFO]     [评估] Node 1: Score=16.70 (AoI=3.70, Cost=13)
[2026-03-23 14:29:23] [INFO]     [评估] Node 2: Score=6.70 (AoI=4.70, Cost=2)
[2026-03-23 14:29:23] [INFO]     [评估] Node 3: Score=20.57 (AoI=7.57, Cost=13)
[2026-03-23 14:29:23] [INFO] [请求 39] 部署 Node 2 | AoI=4.70, Cost=2
[2026-03-23 14:29:23] [INFO]     [剪枝] Node 1 内存不足 (剩余 4G < 需求)
[2026-03-23 14:29:23] [INFO]     [评估] Node 2: Score=19.10 (AoI=7.10, Cost=12)
[2026-03-23 14:29:23] [INFO]     [评估] Node 3: Score=8.76 (AoI=5.76, Cost=3)
[2026-03-23 14:29:23] [INFO] [请求 40] 部署 Node 3 | AoI=5.76, Cost=3
[2026-03-23 14:29:23] [INFO]     [剪枝] Node 1 内存不足 (剩余 4G < 需求)
[2026-03-23 14:29:23] [INFO]     [评估] Node 2: Score=19.10 (AoI=7.10, Cost=12)
[2026-03-23 14:29:23] [INFO]     [评估] Node 3: Score=10.95 (AoI=7.95, Cost=3)
[2026-03-23 14:29:23] [INFO] [请求 41] 部署 Node 3 | AoI=7.95, Cost=3
[2026-03-23 14:29:23] [INFO]     [剪枝] Node 1 内存不足 (剩余 4G < 需求)
[2026-03-23 14:29:23] [INFO]     [评估] Node 2: Score=19.10 (AoI=7.10, Cost=12)
[2026-03-23 14:29:23] [INFO]     [评估] Node 3: Score=12.35 (AoI=9.35, Cost=3)
[2026-03-23 14:29:23] [INFO] [请求 42] 部署 Node 3 | AoI=9.35, Cost=3
[2026-03-23 14:29:23] [INFO]     [评估] Node 1: Score=16.70 (AoI=3.70, Cost=13)
[2026-03-23 14:29:23] [INFO]     [评估] Node 2: Score=6.70 (AoI=4.70, Cost=2)
[2026-03-23 14:29:23] [INFO]     [评估] Node 3: Score=23.36 (AoI=10.36, Cost=13)
[2026-03-23 14:29:23] [INFO] [请求 43] 部署 Node 2 | AoI=4.70, Cost=2
[2026-03-23 14:29:23] [INFO]     [剪枝] Node 1 内存不足 (剩余 4G < 需求)
[2026-03-23 14:29:23] [INFO]     [评估] Node 2: Score=21.15 (AoI=9.15, Cost=12)
[2026-03-23 14:29:23] [INFO]     [评估] Node 3: Score=14.59 (AoI=11.59, Cost=3)
[2026-03-23 14:29:23] [INFO] [请求 44] 部署 Node 3 | AoI=11.59, Cost=3
[2026-03-23 14:29:23] [INFO]     [剪枝] Node 1 内存不足 (剩余 4G < 需求)
[2026-03-23 14:29:23] [INFO]     [评估] Node 2: Score=20.97 (AoI=8.97, Cost=12)
[2026-03-23 14:29:23] [INFO]     [评估] Node 3: Score=17.63 (AoI=14.63, Cost=3)
[2026-03-23 14:29:23] [INFO] [请求 45] 部署 Node 3 | AoI=14.63, Cost=3
[2026-03-23 14:29:23] [INFO]     [剪枝] Node 1 内存不足 (剩余 4G < 需求)
[2026-03-23 14:29:23] [INFO]     [评估] Node 2: Score=19.10 (AoI=7.10, Cost=12)
[2026-03-23 14:29:23] [INFO]     [评估] Node 3: Score=13.03 (AoI=10.03, Cost=3)
[2026-03-23 14:29:23] [INFO] [请求 46] 部署 Node 3 | AoI=10.03, Cost=3
[2026-03-23 14:29:23] [INFO]     [评估] Node 1: Score=16.70 (AoI=3.70, Cost=13)
[2026-03-23 14:29:23] [INFO]     [评估] Node 2: Score=6.70 (AoI=4.70, Cost=2)
[2026-03-23 14:29:23] [INFO]     [评估] Node 3: Score=22.12 (AoI=9.12, Cost=13)
[2026-03-23 14:29:23] [INFO] [请求 47] 部署 Node 2 | AoI=4.70, Cost=2
[2026-03-23 14:29:23] [INFO]     [剪枝] Node 1 内存不足 (剩余 4G < 需求)
[2026-03-23 14:29:23] [INFO]     [评估] Node 2: Score=20.20 (AoI=8.20, Cost=12)
[2026-03-23 14:29:23] [INFO]     [评估] Node 3: Score=12.60 (AoI=9.60, Cost=3)
[2026-03-23 14:29:23] [INFO] [请求 48] 部署 Node 3 | AoI=9.60, Cost=3
[2026-03-23 14:29:23] [INFO]     [评估] Node 1: Score=16.70 (AoI=3.70, Cost=13)
[2026-03-23 14:29:23] [INFO]     [评估] Node 2: Score=6.70 (AoI=4.70, Cost=2)
[2026-03-23 14:29:23] [INFO]     [评估] Node 3: Score=18.46 (AoI=5.46, Cost=13)
[2026-03-23 14:29:23] [INFO] [请求 49] 部署 Node 2 | AoI=4.70, Cost=2
[2026-03-23 14:29:23] [INFO]     [评估] Node 1: Score=16.70 (AoI=3.70, Cost=13)
[2026-03-23 14:29:23] [INFO]     [评估] Node 2: Score=7.68 (AoI=5.68, Cost=2)
[2026-03-23 14:29:23] [INFO]     [评估] Node 3: Score=17.54 (AoI=4.54, Cost=13)
[2026-03-23 14:29:23] [INFO] [请求 50] 部署 Node 2 | AoI=5.68, Cost=2
[2026-03-23 14:29:23] [INFO] 
仿真结束，正在生成对比可视化报表...
[2026-03-23 14:33:20] [INFO] 
========== 开始评测算法: Random Baseline ==========
[2026-03-23 14:33:20] [INFO] 初始化网络拓扑...
[2026-03-23 14:33:20] [INFO] [请求 1] 部署 Node 3 | AoI=3.95, Cost=3
[2026-03-23 14:33:20] [INFO] 内存淘汰 1
[2026-03-23 14:33:20] [INFO] 内存淘汰 3
[2026-03-23 14:33:20] [INFO] [请求 2] 部署 Node 2 | AoI=7.10, Cost=2
[2026-03-23 14:33:20] [INFO] 内存淘汰 2
[2026-03-23 14:33:20] [INFO] [请求 3] 部署 Node 1 | AoI=3.70, Cost=13
[2026-03-23 14:33:20] [INFO] 内存淘汰 1
[2026-03-23 14:33:20] [INFO] 内存淘汰 3
[2026-03-23 14:33:20] [INFO] [请求 4] 部署 Node 2 | AoI=9.78, Cost=2
[2026-03-23 14:33:20] [INFO] 内存淘汰 1
[2026-03-23 14:33:20] [INFO] 内存淘汰 3
[2026-03-23 14:33:20] [INFO] [请求 5] 部署 Node 2 | AoI=14.25, Cost=2
[2026-03-23 14:33:20] [INFO] 内存淘汰 1
[2026-03-23 14:33:20] [INFO] 内存淘汰 3
[2026-03-23 14:33:20] [INFO] [请求 6] 部署 Node 2 | AoI=16.73, Cost=2
[2026-03-23 14:33:20] [INFO] 内存淘汰 1
[2026-03-23 14:33:20] [INFO] 内存淘汰 3
[2026-03-23 14:33:20] [INFO] [请求 7] 部署 Node 2 | AoI=20.54, Cost=2
[2026-03-23 14:33:20] [INFO] 内存淘汰 2
[2026-03-23 14:33:20] [INFO] [请求 8] 部署 Node 1 | AoI=3.70, Cost=3
[2026-03-23 14:33:20] [INFO] 内存淘汰 1
[2026-03-23 14:33:20] [INFO] 内存淘汰 3
[2026-03-23 14:33:20] [INFO] [请求 9] 部署 Node 2 | AoI=21.86, Cost=2
[2026-03-23 14:33:20] [INFO] 内存淘汰 1
[2026-03-23 14:33:20] [INFO] 内存淘汰 3
[2026-03-23 14:33:20] [INFO] [请求 10] 部署 Node 2 | AoI=20.56, Cost=2
[2026-03-23 14:33:20] [INFO] 内存淘汰 2
[2026-03-23 14:33:20] [INFO] [请求 11] 部署 Node 1 | AoI=3.70, Cost=3
[2026-03-23 14:33:20] [INFO] 内存淘汰 1
[2026-03-23 14:33:20] [INFO] 内存淘汰 3
[2026-03-23 14:33:20] [INFO] [请求 12] 部署 Node 2 | AoI=21.60, Cost=2
[2026-03-23 14:33:20] [INFO] 内存淘汰 2
[2026-03-23 14:33:20] [INFO] [请求 13] 部署 Node 1 | AoI=3.70, Cost=3
[2026-03-23 14:33:20] [INFO] 内存淘汰 2
[2026-03-23 14:33:20] [INFO] [请求 14] 部署 Node 1 | AoI=4.54, Cost=3
[2026-03-23 14:33:20] [INFO] 内存淘汰 1
[2026-03-23 14:33:20] [INFO] 内存淘汰 3
[2026-03-23 14:33:20] [INFO] [请求 15] 部署 Node 2 | AoI=22.10, Cost=2
[2026-03-23 14:33:20] [INFO] 内存淘汰 1
[2026-03-23 14:33:20] [INFO] 内存淘汰 3
[2026-03-23 14:33:20] [INFO] [请求 16] 部署 Node 2 | AoI=24.93, Cost=2
[2026-03-23 14:33:20] [INFO] 内存淘汰 2
[2026-03-23 14:33:20] [INFO] [请求 17] 部署 Node 3 | AoI=3.95, Cost=13
[2026-03-23 14:33:20] [INFO] 内存淘汰 1
[2026-03-23 14:33:20] [INFO] 内存淘汰 3
[2026-03-23 14:33:20] [INFO] [请求 18] 部署 Node 2 | AoI=25.42, Cost=2
[2026-03-23 14:33:20] [INFO] 内存淘汰 2
[2026-03-23 14:33:20] [INFO] [请求 19] 部署 Node 1 | AoI=3.70, Cost=13
[2026-03-23 14:33:20] [INFO] 内存淘汰 1
[2026-03-23 14:33:20] [INFO] 内存淘汰 3
[2026-03-23 14:33:20] [INFO] [请求 20] 部署 Node 2 | AoI=27.07, Cost=2
[2026-03-23 14:33:20] [INFO] 内存淘汰 1
[2026-03-23 14:33:20] [INFO] 内存淘汰 3
[2026-03-23 14:33:20] [INFO] [请求 21] 部署 Node 2 | AoI=30.54, Cost=2
[2026-03-23 14:33:20] [INFO] 内存淘汰 1
[2026-03-23 14:33:20] [INFO] 内存淘汰 3
[2026-03-23 14:33:20] [INFO] [请求 22] 部署 Node 2 | AoI=34.30, Cost=2
[2026-03-23 14:33:20] [INFO] 内存淘汰 1
[2026-03-23 14:33:20] [INFO] 内存淘汰 3
[2026-03-23 14:33:20] [INFO] [请求 23] 部署 Node 2 | AoI=36.99, Cost=2
[2026-03-23 14:33:20] [INFO] 内存淘汰 2
[2026-03-23 14:33:20] [INFO] [请求 24] 部署 Node 3 | AoI=4.05, Cost=13
[2026-03-23 14:33:20] [INFO] 内存淘汰 2
[2026-03-23 14:33:20] [INFO] [请求 25] 部署 Node 1 | AoI=3.70, Cost=13
[2026-03-23 14:33:20] [INFO] 内存淘汰 2
[2026-03-23 14:33:20] [INFO] [请求 26] 部署 Node 3 | AoI=4.20, Cost=13
[2026-03-23 14:33:20] [INFO] 内存淘汰 1
[2026-03-23 14:33:20] [INFO] 内存淘汰 3
[2026-03-23 14:33:20] [INFO] [请求 27] 部署 Node 2 | AoI=33.12, Cost=2
[2026-03-23 14:33:20] [INFO] 内存淘汰 2
[2026-03-23 14:33:20] [INFO] [请求 28] 部署 Node 1 | AoI=3.70, Cost=13
[2026-03-23 14:33:20] [INFO] 内存淘汰 2
[2026-03-23 14:33:20] [INFO] [请求 29] 部署 Node 1 | AoI=3.70, Cost=3
[2026-03-23 14:33:20] [INFO] 内存淘汰 2
[2026-03-23 14:33:20] [INFO] [请求 30] 部署 Node 1 | AoI=3.80, Cost=3
[2026-03-23 14:33:20] [INFO] 内存淘汰 1
[2026-03-23 14:33:20] [INFO] 内存淘汰 3
[2026-03-23 14:33:20] [INFO] [请求 31] 部署 Node 2 | AoI=33.67, Cost=2
[2026-03-23 14:33:20] [INFO] 内存淘汰 2
[2026-03-23 14:33:20] [INFO] [请求 32] 部署 Node 3 | AoI=3.95, Cost=13
[2026-03-23 14:33:20] [INFO] 内存淘汰 2
[2026-03-23 14:33:20] [INFO] [请求 33] 部署 Node 3 | AoI=4.05, Cost=3
[2026-03-23 14:33:20] [INFO] 内存淘汰 2
[2026-03-23 14:33:20] [INFO] [请求 34] 部署 Node 3 | AoI=4.05, Cost=3
[2026-03-23 14:33:20] [INFO] 内存淘汰 1
[2026-03-23 14:33:20] [INFO] 内存淘汰 3
[2026-03-23 14:33:20] [INFO] [请求 35] 部署 Node 2 | AoI=27.62, Cost=2
[2026-03-23 14:33:20] [INFO] 内存淘汰 2
[2026-03-23 14:33:20] [INFO] [请求 36] 部署 Node 1 | AoI=3.70, Cost=13
[2026-03-23 14:33:20] [INFO] 内存淘汰 1
[2026-03-23 14:33:20] [INFO] 内存淘汰 3
[2026-03-23 14:33:20] [INFO] [请求 37] 部署 Node 2 | AoI=30.10, Cost=2
[2026-03-23 14:33:20] [INFO] 内存淘汰 1
[2026-03-23 14:33:20] [INFO] 内存淘汰 3
[2026-03-23 14:33:20] [INFO] [请求 38] 部署 Node 2 | AoI=33.89, Cost=2
[2026-03-23 14:33:20] [INFO] 内存淘汰 2
[2026-03-23 14:33:20] [INFO] [请求 39] 部署 Node 3 | AoI=3.95, Cost=13
[2026-03-23 14:33:20] [INFO] 内存淘汰 1
[2026-03-23 14:33:20] [INFO] 内存淘汰 3
[2026-03-23 14:33:20] [INFO] [请求 40] 部署 Node 2 | AoI=33.79, Cost=2
[2026-03-23 14:33:20] [INFO] 内存淘汰 1
[2026-03-23 14:33:20] [INFO] 内存淘汰 3
[2026-03-23 14:33:20] [INFO] [请求 41] 部署 Node 2 | AoI=37.85, Cost=2
[2026-03-23 14:33:20] [INFO] 内存淘汰 1
[2026-03-23 14:33:20] [INFO] 内存淘汰 3
[2026-03-23 14:33:20] [INFO] [请求 42] 部署 Node 2 | AoI=41.02, Cost=2
[2026-03-23 14:33:20] [INFO] 内存淘汰 2
[2026-03-23 14:33:20] [INFO] [请求 43] 部署 Node 1 | AoI=3.70, Cost=13
[2026-03-23 14:33:20] [INFO] 内存淘汰 1
[2026-03-23 14:33:20] [INFO] 内存淘汰 3
[2026-03-23 14:33:20] [INFO] [请求 44] 部署 Node 2 | AoI=45.24, Cost=2
[2026-03-23 14:33:20] [INFO] 内存淘汰 1
[2026-03-23 14:33:20] [INFO] 内存淘汰 3
[2026-03-23 14:33:20] [INFO] [请求 45] 部署 Node 2 | AoI=50.06, Cost=2
[2026-03-23 14:33:20] [INFO] 内存淘汰 1
[2026-03-23 14:33:20] [INFO] 内存淘汰 3
[2026-03-23 14:33:20] [INFO] [请求 46] 部署 Node 2 | AoI=47.43, Cost=2
[2026-03-23 14:33:20] [INFO] 内存淘汰 2
[2026-03-23 14:33:20] [INFO] [请求 47] 部署 Node 3 | AoI=3.95, Cost=13
[2026-03-23 14:33:20] [INFO] 内存淘汰 1
[2026-03-23 14:33:20] [INFO] 内存淘汰 3
[2026-03-23 14:33:20] [INFO] [请求 48] 部署 Node 2 | AoI=48.77, Cost=2
[2026-03-23 14:33:20] [INFO] 内存淘汰 2
[2026-03-23 14:33:20] [INFO] [请求 49] 部署 Node 3 | AoI=3.95, Cost=3
[2026-03-23 14:33:20] [INFO] 内存淘汰 2
[2026-03-23 14:33:20] [INFO] [请求 50] 部署 Node 3 | AoI=4.28, Cost=3
[2026-03-23 14:33:20] [INFO] 
========== 开始评测算法: Greedy Best ==========
[2026-03-23 14:33:20] [INFO] 初始化网络拓扑...
[2026-03-23 14:33:20] [INFO]     [评估] Node 1: Score=6.70 (AoI=3.70, Cost=3)
[2026-03-23 14:33:20] [INFO]     [评估] Node 2: Score=6.70 (AoI=4.70, Cost=2)
[2026-03-23 14:33:20] [INFO]     [评估] Node 3: Score=6.95 (AoI=3.95, Cost=3)
[2026-03-23 14:33:20] [INFO] [请求 1] 部署 Node 2 | AoI=4.70, Cost=2
[2026-03-23 14:33:20] [INFO]     [剪枝] Node 1 内存不足 (剩余 2G < 需求)
[2026-03-23 14:33:20] [INFO]     [剪枝] Node 2 内存不足 (剩余 3G < 需求)
[2026-03-23 14:33:20] [INFO]     [剪枝] Node 3 内存不足 (剩余 3G < 需求)
[2026-03-23 14:33:20] [WARNING] [请求 2] 部署失败：资源枯竭或约束不满足
[2026-03-23 14:33:20] [INFO]     [评估] Node 1: Score=16.70 (AoI=3.70, Cost=13)
[2026-03-23 14:33:20] [INFO]     [评估] Node 2: Score=6.70 (AoI=4.70, Cost=2)
[2026-03-23 14:33:20] [INFO]     [评估] Node 3: Score=16.95 (AoI=3.95, Cost=13)
[2026-03-23 14:33:20] [INFO] [请求 3] 部署 Node 2 | AoI=4.70, Cost=2
[2026-03-23 14:33:20] [INFO]     [剪枝] Node 1 内存不足 (剩余 2G < 需求)
[2026-03-23 14:33:20] [INFO]     [剪枝] Node 2 内存不足 (剩余 3G < 需求)
[2026-03-23 14:33:20] [INFO]     [剪枝] Node 3 内存不足 (剩余 3G < 需求)
[2026-03-23 14:33:20] [WARNING] [请求 4] 部署失败：资源枯竭或约束不满足
[2026-03-23 14:33:20] [INFO]     [剪枝] Node 1 内存不足 (剩余 2G < 需求)
[2026-03-23 14:33:20] [INFO]     [剪枝] Node 2 内存不足 (剩余 3G < 需求)
[2026-03-23 14:33:20] [INFO]     [剪枝] Node 3 内存不足 (剩余 3G < 需求)
[2026-03-23 14:33:20] [WARNING] [请求 5] 部署失败：资源枯竭或约束不满足
[2026-03-23 14:33:20] [INFO]     [剪枝] Node 1 内存不足 (剩余 2G < 需求)
[2026-03-23 14:33:20] [INFO]     [剪枝] Node 2 内存不足 (剩余 3G < 需求)
[2026-03-23 14:33:20] [INFO]     [剪枝] Node 3 内存不足 (剩余 3G < 需求)
[2026-03-23 14:33:20] [WARNING] [请求 6] 部署失败：资源枯竭或约束不满足
[2026-03-23 14:33:20] [INFO]     [剪枝] Node 1 内存不足 (剩余 2G < 需求)
[2026-03-23 14:33:20] [INFO]     [剪枝] Node 2 内存不足 (剩余 3G < 需求)
[2026-03-23 14:33:20] [INFO]     [剪枝] Node 3 内存不足 (剩余 3G < 需求)
[2026-03-23 14:33:20] [WARNING] [请求 7] 部署失败：资源枯竭或约束不满足
[2026-03-23 14:33:20] [INFO]     [评估] Node 1: Score=16.70 (AoI=3.70, Cost=13)
[2026-03-23 14:33:20] [INFO]     [评估] Node 2: Score=6.70 (AoI=4.70, Cost=2)
[2026-03-23 14:33:20] [INFO]     [评估] Node 3: Score=16.95 (AoI=3.95, Cost=13)
[2026-03-23 14:33:20] [INFO] [请求 8] 部署 Node 2 | AoI=4.70, Cost=2
[2026-03-23 14:33:20] [INFO]     [剪枝] Node 1 内存不足 (剩余 2G < 需求)
[2026-03-23 14:33:20] [INFO]     [剪枝] Node 2 内存不足 (剩余 3G < 需求)
[2026-03-23 14:33:20] [INFO]     [剪枝] Node 3 内存不足 (剩余 3G < 需求)
[2026-03-23 14:33:20] [WARNING] [请求 9] 部署失败：资源枯竭或约束不满足
[2026-03-23 14:33:20] [INFO]     [剪枝] Node 1 内存不足 (剩余 2G < 需求)
[2026-03-23 14:33:20] [INFO]     [剪枝] Node 2 内存不足 (剩余 3G < 需求)
[2026-03-23 14:33:20] [INFO]     [剪枝] Node 3 内存不足 (剩余 3G < 需求)
[2026-03-23 14:33:20] [WARNING] [请求 10] 部署失败：资源枯竭或约束不满足
[2026-03-23 14:33:20] [INFO]     [评估] Node 1: Score=16.70 (AoI=3.70, Cost=13)
[2026-03-23 14:33:20] [INFO]     [评估] Node 2: Score=6.70 (AoI=4.70, Cost=2)
[2026-03-23 14:33:20] [INFO]     [评估] Node 3: Score=16.95 (AoI=3.95, Cost=13)
[2026-03-23 14:33:20] [INFO] [请求 11] 部署 Node 2 | AoI=4.70, Cost=2
[2026-03-23 14:33:20] [INFO]     [剪枝] Node 1 内存不足 (剩余 2G < 需求)
[2026-03-23 14:33:20] [INFO]     [剪枝] Node 2 内存不足 (剩余 3G < 需求)
[2026-03-23 14:33:20] [INFO]     [剪枝] Node 3 内存不足 (剩余 3G < 需求)
[2026-03-23 14:33:20] [WARNING] [请求 12] 部署失败：资源枯竭或约束不满足
[2026-03-23 14:33:20] [INFO]     [评估] Node 1: Score=16.70 (AoI=3.70, Cost=13)
[2026-03-23 14:33:20] [INFO]     [评估] Node 2: Score=6.70 (AoI=4.70, Cost=2)
[2026-03-23 14:33:20] [INFO]     [评估] Node 3: Score=16.95 (AoI=3.95, Cost=13)
[2026-03-23 14:33:20] [INFO] [请求 13] 部署 Node 2 | AoI=4.70, Cost=2
[2026-03-23 14:33:20] [INFO]     [评估] Node 1: Score=16.70 (AoI=3.70, Cost=13)
[2026-03-23 14:33:20] [INFO]     [评估] Node 2: Score=8.54 (AoI=6.54, Cost=2)
[2026-03-23 14:33:20] [INFO]     [评估] Node 3: Score=17.05 (AoI=4.05, Cost=13)
[2026-03-23 14:33:20] [INFO] [请求 14] 部署 Node 2 | AoI=6.54, Cost=2
[2026-03-23 14:33:20] [INFO]     [剪枝] Node 1 内存不足 (剩余 2G < 需求)
[2026-03-23 14:33:20] [INFO]     [剪枝] Node 2 内存不足 (剩余 3G < 需求)
[2026-03-23 14:33:20] [INFO]     [剪枝] Node 3 内存不足 (剩余 3G < 需求)
[2026-03-23 14:33:20] [WARNING] [请求 15] 部署失败：资源枯竭或约束不满足
[2026-03-23 14:33:20] [INFO]     [剪枝] Node 1 内存不足 (剩余 2G < 需求)
[2026-03-23 14:33:20] [INFO]     [剪枝] Node 2 内存不足 (剩余 3G < 需求)
[2026-03-23 14:33:20] [INFO]     [剪枝] Node 3 内存不足 (剩余 3G < 需求)
[2026-03-23 14:33:20] [WARNING] [请求 16] 部署失败：资源枯竭或约束不满足
[2026-03-23 14:33:20] [INFO]     [评估] Node 1: Score=16.70 (AoI=3.70, Cost=13)
[2026-03-23 14:33:20] [INFO]     [评估] Node 2: Score=6.70 (AoI=4.70, Cost=2)
[2026-03-23 14:33:20] [INFO]     [评估] Node 3: Score=16.95 (AoI=3.95, Cost=13)
[2026-03-23 14:33:20] [INFO] [请求 17] 部署 Node 2 | AoI=4.70, Cost=2
[2026-03-23 14:33:20] [INFO]     [剪枝] Node 1 内存不足 (剩余 2G < 需求)
[2026-03-23 14:33:20] [INFO]     [剪枝] Node 2 内存不足 (剩余 3G < 需求)
[2026-03-23 14:33:20] [INFO]     [剪枝] Node 3 内存不足 (剩余 3G < 需求)
[2026-03-23 14:33:20] [WARNING] [请求 18] 部署失败：资源枯竭或约束不满足
[2026-03-23 14:33:20] [INFO]     [评估] Node 1: Score=16.70 (AoI=3.70, Cost=13)
[2026-03-23 14:33:20] [INFO]     [评估] Node 2: Score=7.12 (AoI=5.12, Cost=2)
[2026-03-23 14:33:20] [INFO]     [评估] Node 3: Score=16.95 (AoI=3.95, Cost=13)
[2026-03-23 14:33:20] [INFO] [请求 19] 部署 Node 2 | AoI=5.12, Cost=2
[2026-03-23 14:33:20] [INFO]     [剪枝] Node 1 内存不足 (剩余 2G < 需求)
[2026-03-23 14:33:20] [INFO]     [剪枝] Node 2 内存不足 (剩余 3G < 需求)
[2026-03-23 14:33:20] [INFO]     [剪枝] Node 3 内存不足 (剩余 3G < 需求)
[2026-03-23 14:33:20] [WARNING] [请求 20] 部署失败：资源枯竭或约束不满足
[2026-03-23 14:33:20] [INFO]     [剪枝] Node 1 内存不足 (剩余 2G < 需求)
[2026-03-23 14:33:20] [INFO]     [剪枝] Node 2 内存不足 (剩余 3G < 需求)
[2026-03-23 14:33:20] [INFO]     [剪枝] Node 3 内存不足 (剩余 3G < 需求)
[2026-03-23 14:33:20] [WARNING] [请求 21] 部署失败：资源枯竭或约束不满足
[2026-03-23 14:33:20] [INFO]     [剪枝] Node 1 内存不足 (剩余 2G < 需求)
[2026-03-23 14:33:20] [INFO]     [剪枝] Node 2 内存不足 (剩余 3G < 需求)
[2026-03-23 14:33:20] [INFO]     [剪枝] Node 3 内存不足 (剩余 3G < 需求)
[2026-03-23 14:33:20] [WARNING] [请求 22] 部署失败：资源枯竭或约束不满足
[2026-03-23 14:33:20] [INFO]     [剪枝] Node 1 内存不足 (剩余 2G < 需求)
[2026-03-23 14:33:20] [INFO]     [剪枝] Node 2 内存不足 (剩余 3G < 需求)
[2026-03-23 14:33:20] [INFO]     [剪枝] Node 3 内存不足 (剩余 3G < 需求)
[2026-03-23 14:33:20] [WARNING] [请求 23] 部署失败：资源枯竭或约束不满足
[2026-03-23 14:33:20] [INFO]     [评估] Node 1: Score=16.70 (AoI=3.70, Cost=13)
[2026-03-23 14:33:20] [INFO]     [评估] Node 2: Score=6.70 (AoI=4.70, Cost=2)
[2026-03-23 14:33:20] [INFO]     [评估] Node 3: Score=17.05 (AoI=4.05, Cost=13)
[2026-03-23 14:33:20] [INFO] [请求 24] 部署 Node 2 | AoI=4.70, Cost=2
[2026-03-23 14:33:20] [INFO]     [评估] Node 1: Score=16.70 (AoI=3.70, Cost=13)
[2026-03-23 14:33:20] [INFO]     [评估] Node 2: Score=8.08 (AoI=6.08, Cost=2)
[2026-03-23 14:33:20] [INFO]     [评估] Node 3: Score=16.95 (AoI=3.95, Cost=13)
[2026-03-23 14:33:20] [INFO] [请求 25] 部署 Node 2 | AoI=6.08, Cost=2
[2026-03-23 14:33:20] [INFO]     [评估] Node 1: Score=16.70 (AoI=3.70, Cost=13)
[2026-03-23 14:33:20] [INFO]     [评估] Node 2: Score=9.60 (AoI=7.60, Cost=2)
[2026-03-23 14:33:20] [INFO]     [评估] Node 3: Score=17.05 (AoI=4.05, Cost=13)
[2026-03-23 14:33:20] [INFO] [请求 26] 部署 Node 2 | AoI=7.60, Cost=2
[2026-03-23 14:33:20] [INFO]     [剪枝] Node 1 内存不足 (剩余 2G < 需求)
[2026-03-23 14:33:20] [INFO]     [剪枝] Node 2 内存不足 (剩余 3G < 需求)
[2026-03-23 14:33:20] [INFO]     [剪枝] Node 3 内存不足 (剩余 3G < 需求)
[2026-03-23 14:33:20] [WARNING] [请求 27] 部署失败：资源枯竭或约束不满足
[2026-03-23 14:33:20] [INFO]     [评估] Node 1: Score=16.70 (AoI=3.70, Cost=13)
[2026-03-23 14:33:20] [INFO]     [评估] Node 2: Score=6.70 (AoI=4.70, Cost=2)
[2026-03-23 14:33:20] [INFO]     [评估] Node 3: Score=16.95 (AoI=3.95, Cost=13)
[2026-03-23 14:33:20] [INFO] [请求 28] 部署 Node 2 | AoI=4.70, Cost=2
[2026-03-23 14:33:20] [INFO]     [评估] Node 1: Score=16.70 (AoI=3.70, Cost=13)
[2026-03-23 14:33:20] [INFO]     [评估] Node 2: Score=6.70 (AoI=4.70, Cost=2)
[2026-03-23 14:33:20] [INFO]     [评估] Node 3: Score=17.05 (AoI=4.05, Cost=13)
[2026-03-23 14:33:20] [INFO] [请求 29] 部署 Node 2 | AoI=4.70, Cost=2
[2026-03-23 14:33:20] [INFO]     [评估] Node 1: Score=16.70 (AoI=3.70, Cost=13)
[2026-03-23 14:33:20] [INFO]     [评估] Node 2: Score=7.80 (AoI=5.80, Cost=2)
[2026-03-23 14:33:20] [INFO]     [评估] Node 3: Score=16.95 (AoI=3.95, Cost=13)
[2026-03-23 14:33:20] [INFO] [请求 30] 部署 Node 2 | AoI=5.80, Cost=2
[2026-03-23 14:33:20] [INFO]     [剪枝] Node 1 内存不足 (剩余 2G < 需求)
[2026-03-23 14:33:20] [INFO]     [剪枝] Node 2 内存不足 (剩余 3G < 需求)
[2026-03-23 14:33:20] [INFO]     [剪枝] Node 3 内存不足 (剩余 3G < 需求)
[2026-03-23 14:33:20] [WARNING] [请求 31] 部署失败：资源枯竭或约束不满足
[2026-03-23 14:33:20] [INFO]     [评估] Node 1: Score=16.70 (AoI=3.70, Cost=13)
[2026-03-23 14:33:20] [INFO]     [评估] Node 2: Score=9.28 (AoI=7.28, Cost=2)
[2026-03-23 14:33:20] [INFO]     [评估] Node 3: Score=16.95 (AoI=3.95, Cost=13)
[2026-03-23 14:33:20] [INFO] [请求 32] 部署 Node 2 | AoI=7.28, Cost=2
[2026-03-23 14:33:20] [INFO]     [评估] Node 1: Score=16.70 (AoI=3.70, Cost=13)
[2026-03-23 14:33:20] [INFO]     [评估] Node 2: Score=9.46 (AoI=7.46, Cost=2)
[2026-03-23 14:33:20] [INFO]     [评估] Node 3: Score=17.05 (AoI=4.05, Cost=13)
[2026-03-23 14:33:20] [INFO] [请求 33] 部署 Node 2 | AoI=7.46, Cost=2
[2026-03-23 14:33:20] [INFO]     [评估] Node 1: Score=16.70 (AoI=3.70, Cost=13)
[2026-03-23 14:33:20] [INFO]     [评估] Node 2: Score=9.65 (AoI=7.65, Cost=2)
[2026-03-23 14:33:20] [INFO]     [评估] Node 3: Score=17.05 (AoI=4.05, Cost=13)
[2026-03-23 14:33:20] [INFO] [请求 34] 部署 Node 2 | AoI=7.65, Cost=2
[2026-03-23 14:33:20] [INFO]     [剪枝] Node 1 内存不足 (剩余 2G < 需求)
[2026-03-23 14:33:20] [INFO]     [剪枝] Node 2 内存不足 (剩余 3G < 需求)
[2026-03-23 14:33:20] [INFO]     [剪枝] Node 3 内存不足 (剩余 3G < 需求)
[2026-03-23 14:33:20] [WARNING] [请求 35] 部署失败：资源枯竭或约束不满足
[2026-03-23 14:33:20] [INFO]     [评估] Node 1: Score=16.70 (AoI=3.70, Cost=13)
[2026-03-23 14:33:20] [INFO]     [评估] Node 2: Score=6.70 (AoI=4.70, Cost=2)
[2026-03-23 14:33:20] [INFO]     [评估] Node 3: Score=17.05 (AoI=4.05, Cost=13)
[2026-03-23 14:33:20] [INFO] [请求 36] 部署 Node 2 | AoI=4.70, Cost=2
[2026-03-23 14:33:20] [INFO]     [剪枝] Node 1 内存不足 (剩余 2G < 需求)
[2026-03-23 14:33:20] [INFO]     [剪枝] Node 2 内存不足 (剩余 3G < 需求)
[2026-03-23 14:33:20] [INFO]     [剪枝] Node 3 内存不足 (剩余 3G < 需求)
[2026-03-23 14:33:20] [WARNING] [请求 37] 部署失败：资源枯竭或约束不满足
[2026-03-23 14:33:20] [INFO]     [剪枝] Node 1 内存不足 (剩余 2G < 需求)
[2026-03-23 14:33:20] [INFO]     [剪枝] Node 2 内存不足 (剩余 3G < 需求)
[2026-03-23 14:33:20] [INFO]     [剪枝] Node 3 内存不足 (剩余 3G < 需求)
[2026-03-23 14:33:20] [WARNING] [请求 38] 部署失败：资源枯竭或约束不满足
[2026-03-23 14:33:20] [INFO]     [评估] Node 1: Score=16.70 (AoI=3.70, Cost=13)
[2026-03-23 14:33:20] [INFO]     [评估] Node 2: Score=6.70 (AoI=4.70, Cost=2)
[2026-03-23 14:33:20] [INFO]     [评估] Node 3: Score=16.95 (AoI=3.95, Cost=13)
[2026-03-23 14:33:20] [INFO] [请求 39] 部署 Node 2 | AoI=4.70, Cost=2
[2026-03-23 14:33:20] [INFO]     [剪枝] Node 1 内存不足 (剩余 2G < 需求)
[2026-03-23 14:33:20] [INFO]     [剪枝] Node 2 内存不足 (剩余 3G < 需求)
[2026-03-23 14:33:20] [INFO]     [剪枝] Node 3 内存不足 (剩余 3G < 需求)
[2026-03-23 14:33:20] [WARNING] [请求 40] 部署失败：资源枯竭或约束不满足
[2026-03-23 14:33:20] [INFO]     [剪枝] Node 1 内存不足 (剩余 2G < 需求)
[2026-03-23 14:33:20] [INFO]     [剪枝] Node 2 内存不足 (剩余 3G < 需求)
[2026-03-23 14:33:20] [INFO]     [剪枝] Node 3 内存不足 (剩余 3G < 需求)
[2026-03-23 14:33:20] [WARNING] [请求 41] 部署失败：资源枯竭或约束不满足
[2026-03-23 14:33:20] [INFO]     [剪枝] Node 1 内存不足 (剩余 2G < 需求)
[2026-03-23 14:33:20] [INFO]     [剪枝] Node 2 内存不足 (剩余 3G < 需求)
[2026-03-23 14:33:20] [INFO]     [剪枝] Node 3 内存不足 (剩余 3G < 需求)
[2026-03-23 14:33:20] [WARNING] [请求 42] 部署失败：资源枯竭或约束不满足
[2026-03-23 14:33:20] [INFO]     [评估] Node 1: Score=16.70 (AoI=3.70, Cost=13)
[2026-03-23 14:33:20] [INFO]     [评估] Node 2: Score=6.70 (AoI=4.70, Cost=2)
[2026-03-23 14:33:20] [INFO]     [评估] Node 3: Score=17.05 (AoI=4.05, Cost=13)
[2026-03-23 14:33:20] [INFO] [请求 43] 部署 Node 2 | AoI=4.70, Cost=2
[2026-03-23 14:33:20] [INFO]     [剪枝] Node 1 内存不足 (剩余 2G < 需求)
[2026-03-23 14:33:20] [INFO]     [剪枝] Node 2 内存不足 (剩余 3G < 需求)
[2026-03-23 14:33:20] [INFO]     [剪枝] Node 3 内存不足 (剩余 3G < 需求)
[2026-03-23 14:33:20] [WARNING] [请求 44] 部署失败：资源枯竭或约束不满足
[2026-03-23 14:33:20] [INFO]     [剪枝] Node 1 内存不足 (剩余 2G < 需求)
[2026-03-23 14:33:20] [INFO]     [剪枝] Node 2 内存不足 (剩余 3G < 需求)
[2026-03-23 14:33:20] [INFO]     [剪枝] Node 3 内存不足 (剩余 3G < 需求)
[2026-03-23 14:33:20] [WARNING] [请求 45] 部署失败：资源枯竭或约束不满足
[2026-03-23 14:33:20] [INFO]     [剪枝] Node 1 内存不足 (剩余 2G < 需求)
[2026-03-23 14:33:20] [INFO]     [剪枝] Node 2 内存不足 (剩余 3G < 需求)
[2026-03-23 14:33:20] [INFO]     [剪枝] Node 3 内存不足 (剩余 3G < 需求)
[2026-03-23 14:33:20] [WARNING] [请求 46] 部署失败：资源枯竭或约束不满足
[2026-03-23 14:33:20] [INFO]     [评估] Node 1: Score=16.70 (AoI=3.70, Cost=13)
[2026-03-23 14:33:20] [INFO]     [评估] Node 2: Score=6.70 (AoI=4.70, Cost=2)
[2026-03-23 14:33:20] [INFO]     [评估] Node 3: Score=16.95 (AoI=3.95, Cost=13)
[2026-03-23 14:33:20] [INFO] [请求 47] 部署 Node 2 | AoI=4.70, Cost=2
[2026-03-23 14:33:20] [INFO]     [剪枝] Node 1 内存不足 (剩余 2G < 需求)
[2026-03-23 14:33:20] [INFO]     [剪枝] Node 2 内存不足 (剩余 3G < 需求)
[2026-03-23 14:33:20] [INFO]     [剪枝] Node 3 内存不足 (剩余 3G < 需求)
[2026-03-23 14:33:20] [WARNING] [请求 48] 部署失败：资源枯竭或约束不满足
[2026-03-23 14:33:20] [INFO]     [评估] Node 1: Score=16.70 (AoI=3.70, Cost=13)
[2026-03-23 14:33:20] [INFO]     [评估] Node 2: Score=6.70 (AoI=4.70, Cost=2)
[2026-03-23 14:33:20] [INFO]     [评估] Node 3: Score=16.95 (AoI=3.95, Cost=13)
[2026-03-23 14:33:20] [INFO] [请求 49] 部署 Node 2 | AoI=4.70, Cost=2
[2026-03-23 14:33:20] [INFO]     [评估] Node 1: Score=16.70 (AoI=3.70, Cost=13)
[2026-03-23 14:33:20] [INFO]     [评估] Node 2: Score=7.68 (AoI=5.68, Cost=2)
[2026-03-23 14:33:20] [INFO]     [评估] Node 3: Score=17.05 (AoI=4.05, Cost=13)
[2026-03-23 14:33:20] [INFO] [请求 50] 部署 Node 2 | AoI=5.68, Cost=2
[2026-03-23 14:33:20] [INFO] 
仿真结束，正在生成对比可视化报表...
[2026-03-23 14:44:42] [INFO] 
========== 开始评测算法: Random Baseline ==========
[2026-03-23 14:44:42] [INFO] 初始化网络拓扑...
[2026-03-23 14:44:42] [INFO] [请求 1] 部署 Node 3 | AoI=3.95, Cost=3
[2026-03-23 14:44:42] [INFO] 内存淘汰 1
[2026-03-23 14:44:42] [INFO] [请求 2] 部署 Node 3 | AoI=6.51, Cost=3
[2026-03-23 14:44:42] [INFO] [请求 3] 部署 Node 1 | AoI=3.70, Cost=13
[2026-03-23 14:44:42] [INFO] 内存淘汰 1
[2026-03-23 14:44:42] [INFO] [请求 4] 部署 Node 2 | AoI=7.10, Cost=12
[2026-03-23 14:44:42] [INFO] 内存淘汰 1
[2026-03-23 14:44:42] [INFO] [请求 5] 部署 Node 2 | AoI=11.57, Cost=2
[2026-03-23 14:44:42] [INFO] 内存淘汰 1
[2026-03-23 14:44:42] [INFO] [请求 6] 部署 Node 2 | AoI=14.05, Cost=2
[2026-03-23 14:44:42] [INFO] 内存淘汰 1
[2026-03-23 14:44:42] [INFO] [请求 7] 部署 Node 3 | AoI=5.33, Cost=13
[2026-03-23 14:44:42] [INFO] [请求 8] 部署 Node 1 | AoI=3.70, Cost=3
[2026-03-23 14:44:42] [INFO] 内存淘汰 1
[2026-03-23 14:44:42] [INFO] [请求 9] 部署 Node 2 | AoI=14.18, Cost=12
[2026-03-23 14:44:42] [INFO] 内存淘汰 1
[2026-03-23 14:44:42] [INFO] [请求 10] 部署 Node 2 | AoI=12.88, Cost=2
[2026-03-23 14:44:42] [INFO] [请求 11] 部署 Node 1 | AoI=3.70, Cost=3
[2026-03-23 14:44:42] [INFO] 内存淘汰 1
[2026-03-23 14:44:42] [INFO] [请求 12] 部署 Node 2 | AoI=13.92, Cost=2
[2026-03-23 14:44:42] [INFO] [请求 13] 部署 Node 3 | AoI=3.95, Cost=13
[2026-03-23 14:44:42] [INFO] [请求 14] 部署 Node 3 | AoI=5.14, Cost=3
[2026-03-23 14:44:42] [INFO] 内存淘汰 1
[2026-03-23 14:44:42] [INFO] [请求 15] 部署 Node 2 | AoI=14.42, Cost=2
[2026-03-23 14:44:42] [INFO] 内存淘汰 1
[2026-03-23 14:44:42] [INFO] [请求 16] 部署 Node 2 | AoI=17.26, Cost=2
[2026-03-23 14:44:42] [INFO] [请求 17] 部署 Node 1 | AoI=3.70, Cost=13
[2026-03-23 14:44:42] [INFO] 内存淘汰 1
[2026-03-23 14:44:42] [INFO] [请求 18] 部署 Node 2 | AoI=17.74, Cost=2
[2026-03-23 14:44:42] [INFO] [请求 19] 部署 Node 2 | AoI=18.81, Cost=12
[2026-03-23 14:44:42] [INFO] 内存淘汰 1
[2026-03-23 14:44:42] [INFO] [请求 20] 部署 Node 2 | AoI=21.39, Cost=2
[2026-03-23 14:44:42] [INFO] 内存淘汰 1
[2026-03-23 14:44:42] [INFO] [请求 21] 部署 Node 2 | AoI=24.87, Cost=2
[2026-03-23 14:44:42] [INFO] 内存淘汰 1
[2026-03-23 14:44:42] [INFO] [请求 22] 部署 Node 3 | AoI=5.33, Cost=13
[2026-03-23 14:44:42] [INFO] 内存淘汰 1
[2026-03-23 14:44:42] [INFO] [请求 23] 部署 Node 3 | AoI=6.04, Cost=3
[2026-03-23 14:44:42] [INFO] [请求 24] 部署 Node 1 | AoI=3.70, Cost=13
[2026-03-23 14:44:42] [INFO] [请求 25] 部署 Node 3 | AoI=3.95, Cost=13
[2026-03-23 14:44:42] [INFO] [请求 26] 部署 Node 1 | AoI=3.70, Cost=13
[2026-03-23 14:44:42] [INFO] 内存淘汰 1
[2026-03-23 14:44:42] [INFO] [请求 27] 部署 Node 3 | AoI=5.33, Cost=3
[2026-03-23 14:44:42] [INFO] [请求 28] 部署 Node 1 | AoI=3.70, Cost=3
[2026-03-23 14:44:42] [INFO] [请求 29] 部署 Node 2 | AoI=11.08, Cost=12
[2026-03-23 14:44:42] [INFO] [请求 30] 部署 Node 2 | AoI=12.18, Cost=2
[2026-03-23 14:44:42] [INFO] 内存淘汰 1
[2026-03-23 14:44:42] [INFO] [请求 31] 部署 Node 2 | AoI=16.99, Cost=12
[2026-03-23 14:44:42] [INFO] [请求 32] 部署 Node 1 | AoI=3.70, Cost=13
[2026-03-23 14:44:42] [INFO] [请求 33] 部署 Node 1 | AoI=3.70, Cost=3
[2026-03-23 14:44:42] [INFO] [请求 34] 部署 Node 3 | AoI=4.05, Cost=13
[2026-03-23 14:44:42] [INFO] 内存淘汰 1
[2026-03-23 14:44:42] [INFO] [请求 35] 部署 Node 3 | AoI=5.22, Cost=13
[2026-03-23 14:44:42] [INFO] [请求 36] 部署 Node 2 | AoI=5.66, Cost=12
[2026-03-23 14:44:42] [INFO] 内存淘汰 1
[2026-03-23 14:44:42] [INFO] [请求 37] 部署 Node 3 | AoI=5.92, Cost=3
[2026-03-23 14:44:42] [INFO] 内存淘汰 1
[2026-03-23 14:44:42] [INFO] [请求 38] 部署 Node 3 | AoI=7.84, Cost=3
[2026-03-23 14:44:42] [INFO] [请求 39] 部署 Node 2 | AoI=4.80, Cost=2
[2026-03-23 14:44:42] [INFO] 内存淘汰 1
[2026-03-23 14:44:42] [INFO] [请求 40] 部署 Node 2 | AoI=7.10, Cost=12
[2026-03-23 14:44:42] [INFO] 内存淘汰 1
[2026-03-23 14:44:42] [INFO] [请求 41] 部署 Node 2 | AoI=11.16, Cost=2
[2026-03-23 14:44:42] [INFO] 内存淘汰 1
[2026-03-23 14:44:42] [INFO] [请求 42] 部署 Node 2 | AoI=14.34, Cost=2
[2026-03-23 14:44:42] [INFO] [请求 43] 部署 Node 2 | AoI=16.10, Cost=2
[2026-03-23 14:44:42] [INFO] 内存淘汰 1
[2026-03-23 14:44:42] [INFO] [请求 44] 部署 Node 3 | AoI=5.22, Cost=13
[2026-03-23 14:44:42] [INFO] 内存淘汰 1
[2026-03-23 14:44:42] [INFO] [请求 45] 部署 Node 2 | AoI=20.37, Cost=12
[2026-03-23 14:44:42] [INFO] 内存淘汰 1
[2026-03-23 14:44:42] [INFO] [请求 46] 部署 Node 2 | AoI=17.74, Cost=2
[2026-03-23 14:44:42] [INFO] [请求 47] 部署 Node 1 | AoI=3.70, Cost=13
[2026-03-23 14:44:42] [INFO] 内存淘汰 1
[2026-03-23 14:44:42] [INFO] [请求 48] 部署 Node 2 | AoI=19.08, Cost=2
[2026-03-23 14:44:42] [INFO] [请求 49] 部署 Node 3 | AoI=3.95, Cost=13
[2026-03-23 14:44:42] [INFO] [请求 50] 部署 Node 2 | AoI=14.78, Cost=12
[2026-03-23 14:44:42] [INFO] 
========== 开始评测算法: Greedy Best ==========
[2026-03-23 14:44:42] [INFO] 初始化网络拓扑...
[2026-03-23 14:44:42] [INFO]     [评估] Node 1: Score=6.70 (AoI=3.70, Cost=3)
[2026-03-23 14:44:42] [INFO]     [评估] Node 2: Score=6.70 (AoI=4.70, Cost=2)
[2026-03-23 14:44:42] [INFO]     [评估] Node 3: Score=6.95 (AoI=3.95, Cost=3)
[2026-03-23 14:44:42] [INFO] [请求 1] 部署 Node 2 | AoI=4.70, Cost=2
[2026-03-23 14:44:42] [INFO]     [剪枝] Node 1 内存不足 (剩余 4G < 需求)
[2026-03-23 14:44:42] [INFO]     [评估] Node 2: Score=11.14 (AoI=9.14, Cost=2)
[2026-03-23 14:44:42] [INFO]     [评估] Node 3: Score=8.22 (AoI=5.22, Cost=3)
[2026-03-23 14:44:42] [INFO] [请求 2] 部署 Node 3 | AoI=5.22, Cost=3
[2026-03-23 14:44:42] [INFO]     [评估] Node 1: Score=16.70 (AoI=3.70, Cost=13)
[2026-03-23 14:44:42] [INFO]     [评估] Node 2: Score=6.70 (AoI=4.70, Cost=2)
[2026-03-23 14:44:42] [INFO]     [评估] Node 3: Score=17.22 (AoI=4.22, Cost=13)
[2026-03-23 14:44:42] [INFO] [请求 3] 部署 Node 2 | AoI=4.70, Cost=2
[2026-03-23 14:44:42] [INFO]     [剪枝] Node 1 内存不足 (剩余 4G < 需求)
[2026-03-23 14:44:42] [INFO]     [评估] Node 2: Score=21.64 (AoI=9.64, Cost=12)
[2026-03-23 14:44:42] [INFO]     [评估] Node 3: Score=9.03 (AoI=6.03, Cost=3)
[2026-03-23 14:44:42] [INFO] [请求 4] 部署 Node 3 | AoI=6.03, Cost=3
[2026-03-23 14:44:42] [INFO]     [剪枝] Node 1 内存不足 (剩余 4G < 需求)
[2026-03-23 14:44:42] [INFO]     [评估] Node 2: Score=21.11 (AoI=9.11, Cost=12)
[2026-03-23 14:44:42] [INFO]     [评估] Node 3: Score=11.62 (AoI=8.62, Cost=3)
[2026-03-23 14:44:42] [INFO] [请求 5] 部署 Node 3 | AoI=8.62, Cost=3
[2026-03-23 14:44:42] [INFO]     [剪枝] Node 1 内存不足 (剩余 4G < 需求)
[2026-03-23 14:44:42] [INFO]     [评估] Node 2: Score=19.10 (AoI=7.10, Cost=12)
[2026-03-23 14:44:42] [INFO]     [评估] Node 3: Score=12.33 (AoI=9.33, Cost=3)
[2026-03-23 14:44:42] [INFO] [请求 6] 部署 Node 3 | AoI=9.33, Cost=3
[2026-03-23 14:44:42] [INFO]     [剪枝] Node 1 内存不足 (剩余 4G < 需求)
[2026-03-23 14:44:42] [INFO]     [评估] Node 2: Score=19.10 (AoI=7.10, Cost=12)
[2026-03-23 14:44:42] [INFO]     [评估] Node 3: Score=14.26 (AoI=11.26, Cost=3)
[2026-03-23 14:44:42] [INFO] [请求 7] 部署 Node 3 | AoI=11.26, Cost=3
[2026-03-23 14:44:42] [INFO]     [评估] Node 1: Score=16.70 (AoI=3.70, Cost=13)
[2026-03-23 14:44:42] [INFO]     [评估] Node 2: Score=6.70 (AoI=4.70, Cost=2)
[2026-03-23 14:44:42] [INFO]     [评估] Node 3: Score=22.57 (AoI=9.57, Cost=13)
[2026-03-23 14:44:42] [INFO] [请求 8] 部署 Node 2 | AoI=4.70, Cost=2
[2026-03-23 14:44:42] [INFO]     [剪枝] Node 1 内存不足 (剩余 4G < 需求)
[2026-03-23 14:44:42] [INFO]     [评估] Node 2: Score=20.87 (AoI=8.87, Cost=12)
[2026-03-23 14:44:42] [INFO]     [评估] Node 3: Score=13.61 (AoI=10.61, Cost=3)
[2026-03-23 14:44:42] [INFO] [请求 9] 部署 Node 3 | AoI=10.61, Cost=3
[2026-03-23 14:44:42] [INFO]     [剪枝] Node 1 内存不足 (剩余 4G < 需求)
[2026-03-23 14:44:42] [INFO]     [评估] Node 2: Score=19.10 (AoI=7.10, Cost=12)
[2026-03-23 14:44:42] [INFO]     [评估] Node 3: Score=10.53 (AoI=7.53, Cost=3)
[2026-03-23 14:44:42] [INFO] [请求 10] 部署 Node 3 | AoI=7.53, Cost=3
[2026-03-23 14:44:42] [INFO]     [评估] Node 1: Score=16.70 (AoI=3.70, Cost=13)
[2026-03-23 14:44:42] [INFO]     [评估] Node 2: Score=6.70 (AoI=4.70, Cost=2)
[2026-03-23 14:44:42] [INFO]     [评估] Node 3: Score=21.49 (AoI=8.49, Cost=13)
[2026-03-23 14:44:42] [INFO] [请求 11] 部署 Node 2 | AoI=4.70, Cost=2
[2026-03-23 14:44:42] [INFO]     [剪枝] Node 1 内存不足 (剩余 4G < 需求)
[2026-03-23 14:44:42] [INFO]     [评估] Node 2: Score=19.10 (AoI=7.10, Cost=12)
[2026-03-23 14:44:42] [INFO]     [评估] Node 3: Score=9.70 (AoI=6.70, Cost=3)
[2026-03-23 14:44:42] [INFO] [请求 12] 部署 Node 3 | AoI=6.70, Cost=3
[2026-03-23 14:44:42] [INFO]     [评估] Node 1: Score=16.70 (AoI=3.70, Cost=13)
[2026-03-23 14:44:42] [INFO]     [评估] Node 2: Score=6.70 (AoI=4.70, Cost=2)
[2026-03-23 14:44:42] [INFO]     [评估] Node 3: Score=18.24 (AoI=5.24, Cost=13)
[2026-03-23 14:44:42] [INFO] [请求 13] 部署 Node 2 | AoI=4.70, Cost=2
[2026-03-23 14:44:42] [INFO]     [评估] Node 1: Score=16.70 (AoI=3.70, Cost=13)
[2026-03-23 14:44:42] [INFO]     [评估] Node 2: Score=8.54 (AoI=6.54, Cost=2)
[2026-03-23 14:44:42] [INFO]     [评估] Node 3: Score=18.17 (AoI=5.17, Cost=13)
[2026-03-23 14:44:42] [INFO] [请求 14] 部署 Node 2 | AoI=6.54, Cost=2
[2026-03-23 14:44:42] [INFO]     [剪枝] Node 1 内存不足 (剩余 4G < 需求)
[2026-03-23 14:44:42] [INFO]     [评估] Node 2: Score=21.81 (AoI=9.81, Cost=12)
[2026-03-23 14:44:42] [INFO]     [评估] Node 3: Score=8.22 (AoI=5.22, Cost=3)
[2026-03-23 14:44:42] [INFO] [请求 15] 部署 Node 3 | AoI=5.22, Cost=3
[2026-03-23 14:44:42] [INFO]     [剪枝] Node 1 内存不足 (剩余 4G < 需求)
[2026-03-23 14:44:42] [INFO]     [评估] Node 2: Score=19.65 (AoI=7.65, Cost=12)
[2026-03-23 14:44:42] [INFO]     [评估] Node 3: Score=9.28 (AoI=6.28, Cost=3)
[2026-03-23 14:44:42] [INFO] [请求 16] 部署 Node 3 | AoI=6.28, Cost=3
[2026-03-23 14:44:42] [INFO]     [评估] Node 1: Score=16.70 (AoI=3.70, Cost=13)
[2026-03-23 14:44:42] [INFO]     [评估] Node 2: Score=6.70 (AoI=4.70, Cost=2)
[2026-03-23 14:44:42] [INFO]     [评估] Node 3: Score=16.95 (AoI=3.95, Cost=13)
[2026-03-23 14:44:42] [INFO] [请求 17] 部署 Node 2 | AoI=4.70, Cost=2
[2026-03-23 14:44:42] [INFO]     [剪枝] Node 1 内存不足 (剩余 4G < 需求)
[2026-03-23 14:44:42] [INFO]     [评估] Node 2: Score=21.05 (AoI=9.05, Cost=12)
[2026-03-23 14:44:42] [INFO]     [评估] Node 3: Score=8.32 (AoI=5.33, Cost=3)
[2026-03-23 14:44:42] [INFO] [请求 18] 部署 Node 3 | AoI=5.33, Cost=3
[2026-03-23 14:44:42] [INFO]     [评估] Node 1: Score=16.70 (AoI=3.70, Cost=13)
[2026-03-23 14:44:42] [INFO]     [评估] Node 2: Score=7.12 (AoI=5.12, Cost=2)
[2026-03-23 14:44:42] [INFO]     [评估] Node 3: Score=18.55 (AoI=5.55, Cost=13)
[2026-03-23 14:44:42] [INFO] [请求 19] 部署 Node 2 | AoI=5.12, Cost=2
[2026-03-23 14:44:42] [INFO]     [剪枝] Node 1 内存不足 (剩余 4G < 需求)
[2026-03-23 14:44:42] [INFO]     [评估] Node 2: Score=19.70 (AoI=7.70, Cost=12)
[2026-03-23 14:44:42] [INFO]     [评估] Node 3: Score=8.22 (AoI=5.22, Cost=3)
[2026-03-23 14:44:42] [INFO] [请求 20] 部署 Node 3 | AoI=5.22, Cost=3
[2026-03-23 14:44:42] [INFO]     [剪枝] Node 1 内存不足 (剩余 4G < 需求)
[2026-03-23 14:44:42] [INFO]     [评估] Node 2: Score=19.10 (AoI=7.10, Cost=12)
[2026-03-23 14:44:42] [INFO]     [评估] Node 3: Score=9.82 (AoI=6.82, Cost=3)
[2026-03-23 14:44:42] [INFO] [请求 21] 部署 Node 3 | AoI=6.82, Cost=3
[2026-03-23 14:44:42] [INFO]     [剪枝] Node 1 内存不足 (剩余 4G < 需求)
[2026-03-23 14:44:42] [INFO]     [评估] Node 2: Score=19.10 (AoI=7.10, Cost=12)
[2026-03-23 14:44:42] [INFO]     [评估] Node 3: Score=11.81 (AoI=8.81, Cost=3)
[2026-03-23 14:44:42] [INFO] [请求 22] 部署 Node 3 | AoI=8.81, Cost=3
[2026-03-23 14:44:42] [INFO]     [剪枝] Node 1 内存不足 (剩余 4G < 需求)
[2026-03-23 14:44:42] [INFO]     [评估] Node 2: Score=19.10 (AoI=7.10, Cost=12)
[2026-03-23 14:44:42] [INFO]     [评估] Node 3: Score=12.52 (AoI=9.52, Cost=3)
[2026-03-23 14:44:42] [INFO] [请求 23] 部署 Node 3 | AoI=9.52, Cost=3
[2026-03-23 14:44:42] [INFO]     [评估] Node 1: Score=16.70 (AoI=3.70, Cost=13)
[2026-03-23 14:44:42] [INFO]     [评估] Node 2: Score=6.70 (AoI=4.70, Cost=2)
[2026-03-23 14:44:42] [INFO]     [评估] Node 3: Score=20.42 (AoI=7.42, Cost=13)
[2026-03-23 14:44:42] [INFO] [请求 24] 部署 Node 2 | AoI=4.70, Cost=2
[2026-03-23 14:44:42] [INFO]     [评估] Node 1: Score=16.70 (AoI=3.70, Cost=13)
[2026-03-23 14:44:42] [INFO]     [评估] Node 2: Score=8.08 (AoI=6.08, Cost=2)
[2026-03-23 14:44:42] [INFO]     [评估] Node 3: Score=19.70 (AoI=6.70, Cost=13)
[2026-03-23 14:44:42] [INFO] [请求 25] 部署 Node 2 | AoI=6.08, Cost=2
[2026-03-23 14:44:42] [INFO]     [评估] Node 1: Score=16.70 (AoI=3.70, Cost=13)
[2026-03-23 14:44:42] [INFO]     [评估] Node 2: Score=9.60 (AoI=7.60, Cost=2)
[2026-03-23 14:44:42] [INFO]     [评估] Node 3: Score=19.32 (AoI=6.32, Cost=13)
[2026-03-23 14:44:42] [INFO] [请求 26] 部署 Node 2 | AoI=7.60, Cost=2
[2026-03-23 14:44:42] [INFO]     [剪枝] Node 1 内存不足 (剩余 4G < 需求)
[2026-03-23 14:44:42] [INFO]     [评估] Node 2: Score=20.28 (AoI=8.28, Cost=12)
[2026-03-23 14:44:42] [INFO]     [评估] Node 3: Score=8.32 (AoI=5.33, Cost=3)
[2026-03-23 14:44:42] [INFO] [请求 27] 部署 Node 3 | AoI=5.33, Cost=3
[2026-03-23 14:44:42] [INFO]     [评估] Node 1: Score=16.70 (AoI=3.70, Cost=13)
[2026-03-23 14:44:42] [INFO]     [评估] Node 2: Score=6.70 (AoI=4.70, Cost=2)
[2026-03-23 14:44:42] [INFO]     [评估] Node 3: Score=18.86 (AoI=5.86, Cost=13)
[2026-03-23 14:44:42] [INFO] [请求 28] 部署 Node 2 | AoI=4.70, Cost=2
[2026-03-23 14:44:42] [INFO]     [评估] Node 1: Score=16.70 (AoI=3.70, Cost=13)
[2026-03-23 14:44:42] [INFO]     [评估] Node 2: Score=6.70 (AoI=4.70, Cost=2)
[2026-03-23 14:44:42] [INFO]     [评估] Node 3: Score=17.05 (AoI=4.05, Cost=13)
[2026-03-23 14:44:42] [INFO] [请求 29] 部署 Node 2 | AoI=4.70, Cost=2
[2026-03-23 14:44:42] [INFO]     [评估] Node 1: Score=16.70 (AoI=3.70, Cost=13)
[2026-03-23 14:44:42] [INFO]     [评估] Node 2: Score=7.80 (AoI=5.80, Cost=2)
[2026-03-23 14:44:42] [INFO]     [评估] Node 3: Score=16.95 (AoI=3.95, Cost=13)
[2026-03-23 14:44:42] [INFO] [请求 30] 部署 Node 2 | AoI=5.80, Cost=2
[2026-03-23 14:44:42] [INFO]     [剪枝] Node 1 内存不足 (剩余 4G < 需求)
[2026-03-23 14:44:42] [INFO]     [评估] Node 2: Score=22.61 (AoI=10.61, Cost=12)
[2026-03-23 14:44:42] [INFO]     [评估] Node 3: Score=8.22 (AoI=5.22, Cost=3)
[2026-03-23 14:44:42] [INFO] [请求 31] 部署 Node 3 | AoI=5.22, Cost=3
[2026-03-23 14:44:42] [INFO]     [评估] Node 1: Score=16.70 (AoI=3.70, Cost=13)
[2026-03-23 14:44:42] [INFO]     [评估] Node 2: Score=9.28 (AoI=7.28, Cost=2)
[2026-03-23 14:44:42] [INFO]     [评估] Node 3: Score=19.14 (AoI=6.14, Cost=13)
[2026-03-23 14:44:42] [INFO] [请求 32] 部署 Node 2 | AoI=7.28, Cost=2
[2026-03-23 14:44:42] [INFO]     [评估] Node 1: Score=16.70 (AoI=3.70, Cost=13)
[2026-03-23 14:44:42] [INFO]     [评估] Node 2: Score=9.46 (AoI=7.46, Cost=2)
[2026-03-23 14:44:42] [INFO]     [评估] Node 3: Score=17.43 (AoI=4.43, Cost=13)
[2026-03-23 14:44:42] [INFO] [请求 33] 部署 Node 2 | AoI=7.46, Cost=2
[2026-03-23 14:44:42] [INFO]     [评估] Node 1: Score=16.70 (AoI=3.70, Cost=13)
[2026-03-23 14:44:42] [INFO]     [评估] Node 2: Score=9.65 (AoI=7.65, Cost=2)
[2026-03-23 14:44:42] [INFO]     [评估] Node 3: Score=17.05 (AoI=4.05, Cost=13)
[2026-03-23 14:44:42] [INFO] [请求 34] 部署 Node 2 | AoI=7.65, Cost=2
[2026-03-23 14:44:42] [INFO]     [剪枝] Node 1 内存不足 (剩余 4G < 需求)
[2026-03-23 14:44:42] [INFO]     [评估] Node 2: Score=19.10 (AoI=7.10, Cost=12)
[2026-03-23 14:44:42] [INFO]     [评估] Node 3: Score=8.22 (AoI=5.22, Cost=3)
[2026-03-23 14:44:42] [INFO] [请求 35] 部署 Node 3 | AoI=5.22, Cost=3
[2026-03-23 14:44:42] [INFO]     [评估] Node 1: Score=16.70 (AoI=3.70, Cost=13)
[2026-03-23 14:44:42] [INFO]     [评估] Node 2: Score=6.70 (AoI=4.70, Cost=2)
[2026-03-23 14:44:42] [INFO]     [评估] Node 3: Score=17.29 (AoI=4.29, Cost=13)
[2026-03-23 14:44:42] [INFO] [请求 36] 部署 Node 2 | AoI=4.70, Cost=2
[2026-03-23 14:44:42] [INFO]     [剪枝] Node 1 内存不足 (剩余 4G < 需求)
[2026-03-23 14:44:42] [INFO]     [评估] Node 2: Score=21.46 (AoI=9.46, Cost=12)
[2026-03-23 14:44:42] [INFO]     [评估] Node 3: Score=8.92 (AoI=5.92, Cost=3)
[2026-03-23 14:44:42] [INFO] [请求 37] 部署 Node 3 | AoI=5.92, Cost=3
[2026-03-23 14:44:42] [INFO]     [剪枝] Node 1 内存不足 (剩余 4G < 需求)
[2026-03-23 14:44:42] [INFO]     [评估] Node 2: Score=20.25 (AoI=8.25, Cost=12)
[2026-03-23 14:44:42] [INFO]     [评估] Node 3: Score=10.84 (AoI=7.84, Cost=3)
[2026-03-23 14:44:42] [INFO] [请求 38] 部署 Node 3 | AoI=7.84, Cost=3
[2026-03-23 14:44:42] [INFO]     [评估] Node 1: Score=16.70 (AoI=3.70, Cost=13)
[2026-03-23 14:44:42] [INFO]     [评估] Node 2: Score=6.70 (AoI=4.70, Cost=2)
[2026-03-23 14:44:42] [INFO]     [评估] Node 3: Score=20.57 (AoI=7.57, Cost=13)
[2026-03-23 14:44:42] [INFO] [请求 39] 部署 Node 2 | AoI=4.70, Cost=2
[2026-03-23 14:44:42] [INFO]     [剪枝] Node 1 内存不足 (剩余 4G < 需求)
[2026-03-23 14:44:42] [INFO]     [评估] Node 2: Score=19.10 (AoI=7.10, Cost=12)
[2026-03-23 14:44:42] [INFO]     [评估] Node 3: Score=8.76 (AoI=5.76, Cost=3)
[2026-03-23 14:44:42] [INFO] [请求 40] 部署 Node 3 | AoI=5.76, Cost=3
[2026-03-23 14:44:42] [INFO]     [剪枝] Node 1 内存不足 (剩余 4G < 需求)
[2026-03-23 14:44:42] [INFO]     [评估] Node 2: Score=19.10 (AoI=7.10, Cost=12)
[2026-03-23 14:44:42] [INFO]     [评估] Node 3: Score=10.95 (AoI=7.95, Cost=3)
[2026-03-23 14:44:42] [INFO] [请求 41] 部署 Node 3 | AoI=7.95, Cost=3
[2026-03-23 14:44:42] [INFO]     [剪枝] Node 1 内存不足 (剩余 4G < 需求)
[2026-03-23 14:44:42] [INFO]     [评估] Node 2: Score=19.10 (AoI=7.10, Cost=12)
[2026-03-23 14:44:42] [INFO]     [评估] Node 3: Score=12.35 (AoI=9.35, Cost=3)
[2026-03-23 14:44:42] [INFO] [请求 42] 部署 Node 3 | AoI=9.35, Cost=3
[2026-03-23 14:44:42] [INFO]     [评估] Node 1: Score=16.70 (AoI=3.70, Cost=13)
[2026-03-23 14:44:42] [INFO]     [评估] Node 2: Score=6.70 (AoI=4.70, Cost=2)
[2026-03-23 14:44:42] [INFO]     [评估] Node 3: Score=23.36 (AoI=10.36, Cost=13)
[2026-03-23 14:44:42] [INFO] [请求 43] 部署 Node 2 | AoI=4.70, Cost=2
[2026-03-23 14:44:42] [INFO]     [剪枝] Node 1 内存不足 (剩余 4G < 需求)
[2026-03-23 14:44:42] [INFO]     [评估] Node 2: Score=21.15 (AoI=9.15, Cost=12)
[2026-03-23 14:44:42] [INFO]     [评估] Node 3: Score=14.59 (AoI=11.59, Cost=3)
[2026-03-23 14:44:42] [INFO] [请求 44] 部署 Node 3 | AoI=11.59, Cost=3
[2026-03-23 14:44:42] [INFO]     [剪枝] Node 1 内存不足 (剩余 4G < 需求)
[2026-03-23 14:44:42] [INFO]     [评估] Node 2: Score=20.97 (AoI=8.97, Cost=12)
[2026-03-23 14:44:42] [INFO]     [评估] Node 3: Score=17.63 (AoI=14.63, Cost=3)
[2026-03-23 14:44:42] [INFO] [请求 45] 部署 Node 3 | AoI=14.63, Cost=3
[2026-03-23 14:44:42] [INFO]     [剪枝] Node 1 内存不足 (剩余 4G < 需求)
[2026-03-23 14:44:42] [INFO]     [评估] Node 2: Score=19.10 (AoI=7.10, Cost=12)
[2026-03-23 14:44:42] [INFO]     [评估] Node 3: Score=13.03 (AoI=10.03, Cost=3)
[2026-03-23 14:44:42] [INFO] [请求 46] 部署 Node 3 | AoI=10.03, Cost=3
[2026-03-23 14:44:42] [INFO]     [评估] Node 1: Score=16.70 (AoI=3.70, Cost=13)
[2026-03-23 14:44:42] [INFO]     [评估] Node 2: Score=6.70 (AoI=4.70, Cost=2)
[2026-03-23 14:44:42] [INFO]     [评估] Node 3: Score=22.12 (AoI=9.12, Cost=13)
[2026-03-23 14:44:42] [INFO] [请求 47] 部署 Node 2 | AoI=4.70, Cost=2
[2026-03-23 14:44:42] [INFO]     [剪枝] Node 1 内存不足 (剩余 4G < 需求)
[2026-03-23 14:44:42] [INFO]     [评估] Node 2: Score=20.20 (AoI=8.20, Cost=12)
[2026-03-23 14:44:42] [INFO]     [评估] Node 3: Score=12.60 (AoI=9.60, Cost=3)
[2026-03-23 14:44:42] [INFO] [请求 48] 部署 Node 3 | AoI=9.60, Cost=3
[2026-03-23 14:44:42] [INFO]     [评估] Node 1: Score=16.70 (AoI=3.70, Cost=13)
[2026-03-23 14:44:42] [INFO]     [评估] Node 2: Score=6.70 (AoI=4.70, Cost=2)
[2026-03-23 14:44:42] [INFO]     [评估] Node 3: Score=18.46 (AoI=5.46, Cost=13)
[2026-03-23 14:44:42] [INFO] [请求 49] 部署 Node 2 | AoI=4.70, Cost=2
[2026-03-23 14:44:42] [INFO]     [评估] Node 1: Score=16.70 (AoI=3.70, Cost=13)
[2026-03-23 14:44:42] [INFO]     [评估] Node 2: Score=7.68 (AoI=5.68, Cost=2)
[2026-03-23 14:44:42] [INFO]     [评估] Node 3: Score=17.54 (AoI=4.54, Cost=13)
[2026-03-23 14:44:42] [INFO] [请求 50] 部署 Node 2 | AoI=5.68, Cost=2
[2026-03-23 14:44:42] [INFO] 
仿真结束，正在生成对比可视化报表...
[2026-03-23 14:44:58] [INFO] 
========== 开始评测算法: Random Baseline ==========
[2026-03-23 14:44:58] [INFO] 初始化网络拓扑...
[2026-03-23 14:44:58] [INFO] [请求 1] 部署 Node 3 | AoI=3.95, Cost=3
[2026-03-23 14:44:58] [INFO] 内存淘汰 1
[2026-03-23 14:44:58] [INFO] 内存淘汰 3
[2026-03-23 14:44:58] [INFO] [请求 2] 部署 Node 2 | AoI=7.10, Cost=2
[2026-03-23 14:44:58] [INFO] 内存淘汰 2
[2026-03-23 14:44:58] [INFO] [请求 3] 部署 Node 1 | AoI=3.70, Cost=13
[2026-03-23 14:44:58] [INFO] 内存淘汰 1
[2026-03-23 14:44:58] [INFO] 内存淘汰 3
[2026-03-23 14:44:58] [INFO] [请求 4] 部署 Node 2 | AoI=9.78, Cost=2
[2026-03-23 14:44:58] [INFO] 内存淘汰 1
[2026-03-23 14:44:58] [INFO] 内存淘汰 3
[2026-03-23 14:44:58] [INFO] [请求 5] 部署 Node 2 | AoI=14.25, Cost=2
[2026-03-23 14:44:58] [INFO] 内存淘汰 1
[2026-03-23 14:44:58] [INFO] 内存淘汰 3
[2026-03-23 14:44:58] [INFO] [请求 6] 部署 Node 2 | AoI=16.73, Cost=2
[2026-03-23 14:44:58] [INFO] 内存淘汰 1
[2026-03-23 14:44:58] [INFO] 内存淘汰 3
[2026-03-23 14:44:58] [INFO] [请求 7] 部署 Node 2 | AoI=20.54, Cost=2
[2026-03-23 14:44:58] [INFO] 内存淘汰 2
[2026-03-23 14:44:58] [INFO] [请求 8] 部署 Node 1 | AoI=3.70, Cost=3
[2026-03-23 14:44:58] [INFO] 内存淘汰 1
[2026-03-23 14:44:58] [INFO] 内存淘汰 3
[2026-03-23 14:44:58] [INFO] [请求 9] 部署 Node 2 | AoI=21.86, Cost=2
[2026-03-23 14:44:58] [INFO] 内存淘汰 1
[2026-03-23 14:44:58] [INFO] 内存淘汰 3
[2026-03-23 14:44:58] [INFO] [请求 10] 部署 Node 2 | AoI=20.56, Cost=2
[2026-03-23 14:44:58] [INFO] 内存淘汰 2
[2026-03-23 14:44:58] [INFO] [请求 11] 部署 Node 1 | AoI=3.70, Cost=3
[2026-03-23 14:44:58] [INFO] 内存淘汰 1
[2026-03-23 14:44:58] [INFO] 内存淘汰 3
[2026-03-23 14:44:58] [INFO] [请求 12] 部署 Node 2 | AoI=21.60, Cost=2
[2026-03-23 14:44:58] [INFO] 内存淘汰 2
[2026-03-23 14:44:58] [INFO] [请求 13] 部署 Node 1 | AoI=3.70, Cost=3
[2026-03-23 14:44:58] [INFO] 内存淘汰 2
[2026-03-23 14:44:58] [INFO] [请求 14] 部署 Node 1 | AoI=4.54, Cost=3
[2026-03-23 14:44:58] [INFO] 内存淘汰 1
[2026-03-23 14:44:58] [INFO] 内存淘汰 3
[2026-03-23 14:44:58] [INFO] [请求 15] 部署 Node 2 | AoI=22.10, Cost=2
[2026-03-23 14:44:58] [INFO] 内存淘汰 1
[2026-03-23 14:44:58] [INFO] 内存淘汰 3
[2026-03-23 14:44:58] [INFO] [请求 16] 部署 Node 2 | AoI=24.93, Cost=2
[2026-03-23 14:44:58] [INFO] 内存淘汰 2
[2026-03-23 14:44:58] [INFO] [请求 17] 部署 Node 3 | AoI=3.95, Cost=13
[2026-03-23 14:44:58] [INFO] 内存淘汰 1
[2026-03-23 14:44:58] [INFO] 内存淘汰 3
[2026-03-23 14:44:58] [INFO] [请求 18] 部署 Node 2 | AoI=25.42, Cost=2
[2026-03-23 14:44:58] [INFO] 内存淘汰 2
[2026-03-23 14:44:58] [INFO] [请求 19] 部署 Node 1 | AoI=3.70, Cost=13
[2026-03-23 14:44:58] [INFO] 内存淘汰 1
[2026-03-23 14:44:58] [INFO] 内存淘汰 3
[2026-03-23 14:44:58] [INFO] [请求 20] 部署 Node 2 | AoI=27.07, Cost=2
[2026-03-23 14:44:58] [INFO] 内存淘汰 1
[2026-03-23 14:44:58] [INFO] 内存淘汰 3
[2026-03-23 14:44:58] [INFO] [请求 21] 部署 Node 2 | AoI=30.54, Cost=2
[2026-03-23 14:44:58] [INFO] 内存淘汰 1
[2026-03-23 14:44:58] [INFO] 内存淘汰 3
[2026-03-23 14:44:58] [INFO] [请求 22] 部署 Node 2 | AoI=34.30, Cost=2
[2026-03-23 14:44:58] [INFO] 内存淘汰 1
[2026-03-23 14:44:58] [INFO] 内存淘汰 3
[2026-03-23 14:44:58] [INFO] [请求 23] 部署 Node 2 | AoI=36.99, Cost=2
[2026-03-23 14:44:58] [INFO] 内存淘汰 2
[2026-03-23 14:44:58] [INFO] [请求 24] 部署 Node 3 | AoI=4.05, Cost=13
[2026-03-23 14:44:58] [INFO] 内存淘汰 2
[2026-03-23 14:44:58] [INFO] [请求 25] 部署 Node 1 | AoI=3.70, Cost=13
[2026-03-23 14:44:58] [INFO] 内存淘汰 2
[2026-03-23 14:44:58] [INFO] [请求 26] 部署 Node 3 | AoI=4.20, Cost=13
[2026-03-23 14:44:58] [INFO] 内存淘汰 1
[2026-03-23 14:44:58] [INFO] 内存淘汰 3
[2026-03-23 14:44:58] [INFO] [请求 27] 部署 Node 2 | AoI=33.12, Cost=2
[2026-03-23 14:44:58] [INFO] 内存淘汰 2
[2026-03-23 14:44:58] [INFO] [请求 28] 部署 Node 1 | AoI=3.70, Cost=13
[2026-03-23 14:44:58] [INFO] 内存淘汰 2
[2026-03-23 14:44:58] [INFO] [请求 29] 部署 Node 1 | AoI=3.70, Cost=3
[2026-03-23 14:44:58] [INFO] 内存淘汰 2
[2026-03-23 14:44:58] [INFO] [请求 30] 部署 Node 1 | AoI=3.80, Cost=3
[2026-03-23 14:44:58] [INFO] 内存淘汰 1
[2026-03-23 14:44:58] [INFO] 内存淘汰 3
[2026-03-23 14:44:58] [INFO] [请求 31] 部署 Node 2 | AoI=33.67, Cost=2
[2026-03-23 14:44:58] [INFO] 内存淘汰 2
[2026-03-23 14:44:58] [INFO] [请求 32] 部署 Node 3 | AoI=3.95, Cost=13
[2026-03-23 14:44:58] [INFO] 内存淘汰 2
[2026-03-23 14:44:58] [INFO] [请求 33] 部署 Node 3 | AoI=4.05, Cost=3
[2026-03-23 14:44:58] [INFO] 内存淘汰 2
[2026-03-23 14:44:58] [INFO] [请求 34] 部署 Node 3 | AoI=4.05, Cost=3
[2026-03-23 14:44:58] [INFO] 内存淘汰 1
[2026-03-23 14:44:58] [INFO] 内存淘汰 3
[2026-03-23 14:44:58] [INFO] [请求 35] 部署 Node 2 | AoI=27.62, Cost=2
[2026-03-23 14:44:58] [INFO] 内存淘汰 2
[2026-03-23 14:44:58] [INFO] [请求 36] 部署 Node 1 | AoI=3.70, Cost=13
[2026-03-23 14:44:58] [INFO] 内存淘汰 1
[2026-03-23 14:44:58] [INFO] 内存淘汰 3
[2026-03-23 14:44:58] [INFO] [请求 37] 部署 Node 2 | AoI=30.10, Cost=2
[2026-03-23 14:44:58] [INFO] 内存淘汰 1
[2026-03-23 14:44:58] [INFO] 内存淘汰 3
[2026-03-23 14:44:58] [INFO] [请求 38] 部署 Node 2 | AoI=33.89, Cost=2
[2026-03-23 14:44:58] [INFO] 内存淘汰 2
[2026-03-23 14:44:58] [INFO] [请求 39] 部署 Node 3 | AoI=3.95, Cost=13
[2026-03-23 14:44:58] [INFO] 内存淘汰 1
[2026-03-23 14:44:58] [INFO] 内存淘汰 3
[2026-03-23 14:44:58] [INFO] [请求 40] 部署 Node 2 | AoI=33.79, Cost=2
[2026-03-23 14:44:58] [INFO] 内存淘汰 1
[2026-03-23 14:44:58] [INFO] 内存淘汰 3
[2026-03-23 14:44:58] [INFO] [请求 41] 部署 Node 2 | AoI=37.85, Cost=2
[2026-03-23 14:44:58] [INFO] 内存淘汰 1
[2026-03-23 14:44:58] [INFO] 内存淘汰 3
[2026-03-23 14:44:58] [INFO] [请求 42] 部署 Node 2 | AoI=41.02, Cost=2
[2026-03-23 14:44:58] [INFO] 内存淘汰 2
[2026-03-23 14:44:58] [INFO] [请求 43] 部署 Node 1 | AoI=3.70, Cost=13
[2026-03-23 14:44:58] [INFO] 内存淘汰 1
[2026-03-23 14:44:58] [INFO] 内存淘汰 3
[2026-03-23 14:44:58] [INFO] [请求 44] 部署 Node 2 | AoI=45.24, Cost=2
[2026-03-23 14:44:58] [INFO] 内存淘汰 1
[2026-03-23 14:44:58] [INFO] 内存淘汰 3
[2026-03-23 14:44:58] [INFO] [请求 45] 部署 Node 2 | AoI=50.06, Cost=2
[2026-03-23 14:44:58] [INFO] 内存淘汰 1
[2026-03-23 14:44:58] [INFO] 内存淘汰 3
[2026-03-23 14:44:58] [INFO] [请求 46] 部署 Node 2 | AoI=47.43, Cost=2
[2026-03-23 14:44:58] [INFO] 内存淘汰 2
[2026-03-23 14:44:58] [INFO] [请求 47] 部署 Node 3 | AoI=3.95, Cost=13
[2026-03-23 14:44:58] [INFO] 内存淘汰 1
[2026-03-23 14:44:58] [INFO] 内存淘汰 3
[2026-03-23 14:44:58] [INFO] [请求 48] 部署 Node 2 | AoI=48.77, Cost=2
[2026-03-23 14:44:58] [INFO] 内存淘汰 2
[2026-03-23 14:44:58] [INFO] [请求 49] 部署 Node 3 | AoI=3.95, Cost=3
[2026-03-23 14:44:58] [INFO] 内存淘汰 2
[2026-03-23 14:44:58] [INFO] [请求 50] 部署 Node 3 | AoI=4.28, Cost=3
[2026-03-23 14:44:58] [INFO] 
========== 开始评测算法: Greedy Best ==========
[2026-03-23 14:44:58] [INFO] 初始化网络拓扑...
[2026-03-23 14:44:58] [INFO]     [评估] Node 1: Score=6.70 (AoI=3.70, Cost=3)
[2026-03-23 14:44:58] [INFO]     [评估] Node 2: Score=6.70 (AoI=4.70, Cost=2)
[2026-03-23 14:44:58] [INFO]     [评估] Node 3: Score=6.95 (AoI=3.95, Cost=3)
[2026-03-23 14:44:58] [INFO] [请求 1] 部署 Node 2 | AoI=4.70, Cost=2
[2026-03-23 14:44:58] [INFO]     [剪枝] Node 1 内存不足 (剩余 4G < 需求)
[2026-03-23 14:44:58] [INFO]     [剪枝] Node 2 内存不足 (剩余 3G < 需求)
[2026-03-23 14:44:58] [INFO]     [剪枝] Node 3 内存不足 (剩余 3G < 需求)
[2026-03-23 14:44:58] [WARNING] [请求 2] 部署失败：资源枯竭或约束不满足
[2026-03-23 14:44:58] [INFO]     [评估] Node 1: Score=16.70 (AoI=3.70, Cost=13)
[2026-03-23 14:44:58] [INFO]     [评估] Node 2: Score=6.70 (AoI=4.70, Cost=2)
[2026-03-23 14:44:58] [INFO]     [评估] Node 3: Score=16.95 (AoI=3.95, Cost=13)
[2026-03-23 14:44:58] [INFO] [请求 3] 部署 Node 2 | AoI=4.70, Cost=2
[2026-03-23 14:44:58] [INFO]     [剪枝] Node 1 内存不足 (剩余 4G < 需求)
[2026-03-23 14:44:58] [INFO]     [剪枝] Node 2 内存不足 (剩余 3G < 需求)
[2026-03-23 14:44:58] [INFO]     [剪枝] Node 3 内存不足 (剩余 3G < 需求)
[2026-03-23 14:44:58] [WARNING] [请求 4] 部署失败：资源枯竭或约束不满足
[2026-03-23 14:44:58] [INFO]     [剪枝] Node 1 内存不足 (剩余 4G < 需求)
[2026-03-23 14:44:58] [INFO]     [剪枝] Node 2 内存不足 (剩余 3G < 需求)
[2026-03-23 14:44:58] [INFO]     [剪枝] Node 3 内存不足 (剩余 3G < 需求)
[2026-03-23 14:44:58] [WARNING] [请求 5] 部署失败：资源枯竭或约束不满足
[2026-03-23 14:44:58] [INFO]     [剪枝] Node 1 内存不足 (剩余 4G < 需求)
[2026-03-23 14:44:58] [INFO]     [剪枝] Node 2 内存不足 (剩余 3G < 需求)
[2026-03-23 14:44:58] [INFO]     [剪枝] Node 3 内存不足 (剩余 3G < 需求)
[2026-03-23 14:44:58] [WARNING] [请求 6] 部署失败：资源枯竭或约束不满足
[2026-03-23 14:44:58] [INFO]     [剪枝] Node 1 内存不足 (剩余 4G < 需求)
[2026-03-23 14:44:58] [INFO]     [剪枝] Node 2 内存不足 (剩余 3G < 需求)
[2026-03-23 14:44:58] [INFO]     [剪枝] Node 3 内存不足 (剩余 3G < 需求)
[2026-03-23 14:44:58] [WARNING] [请求 7] 部署失败：资源枯竭或约束不满足
[2026-03-23 14:44:58] [INFO]     [评估] Node 1: Score=16.70 (AoI=3.70, Cost=13)
[2026-03-23 14:44:58] [INFO]     [评估] Node 2: Score=6.70 (AoI=4.70, Cost=2)
[2026-03-23 14:44:58] [INFO]     [评估] Node 3: Score=16.95 (AoI=3.95, Cost=13)
[2026-03-23 14:44:58] [INFO] [请求 8] 部署 Node 2 | AoI=4.70, Cost=2
[2026-03-23 14:44:58] [INFO]     [剪枝] Node 1 内存不足 (剩余 4G < 需求)
[2026-03-23 14:44:58] [INFO]     [剪枝] Node 2 内存不足 (剩余 3G < 需求)
[2026-03-23 14:44:58] [INFO]     [剪枝] Node 3 内存不足 (剩余 3G < 需求)
[2026-03-23 14:44:58] [WARNING] [请求 9] 部署失败：资源枯竭或约束不满足
[2026-03-23 14:44:58] [INFO]     [剪枝] Node 1 内存不足 (剩余 4G < 需求)
[2026-03-23 14:44:58] [INFO]     [剪枝] Node 2 内存不足 (剩余 3G < 需求)
[2026-03-23 14:44:58] [INFO]     [剪枝] Node 3 内存不足 (剩余 3G < 需求)
[2026-03-23 14:44:58] [WARNING] [请求 10] 部署失败：资源枯竭或约束不满足
[2026-03-23 14:44:58] [INFO]     [评估] Node 1: Score=16.70 (AoI=3.70, Cost=13)
[2026-03-23 14:44:58] [INFO]     [评估] Node 2: Score=6.70 (AoI=4.70, Cost=2)
[2026-03-23 14:44:58] [INFO]     [评估] Node 3: Score=16.95 (AoI=3.95, Cost=13)
[2026-03-23 14:44:58] [INFO] [请求 11] 部署 Node 2 | AoI=4.70, Cost=2
[2026-03-23 14:44:58] [INFO]     [剪枝] Node 1 内存不足 (剩余 4G < 需求)
[2026-03-23 14:44:58] [INFO]     [剪枝] Node 2 内存不足 (剩余 3G < 需求)
[2026-03-23 14:44:58] [INFO]     [剪枝] Node 3 内存不足 (剩余 3G < 需求)
[2026-03-23 14:44:58] [WARNING] [请求 12] 部署失败：资源枯竭或约束不满足
[2026-03-23 14:44:58] [INFO]     [评估] Node 1: Score=16.70 (AoI=3.70, Cost=13)
[2026-03-23 14:44:58] [INFO]     [评估] Node 2: Score=6.70 (AoI=4.70, Cost=2)
[2026-03-23 14:44:58] [INFO]     [评估] Node 3: Score=16.95 (AoI=3.95, Cost=13)
[2026-03-23 14:44:58] [INFO] [请求 13] 部署 Node 2 | AoI=4.70, Cost=2
[2026-03-23 14:44:58] [INFO]     [评估] Node 1: Score=16.70 (AoI=3.70, Cost=13)
[2026-03-23 14:44:58] [INFO]     [评估] Node 2: Score=8.54 (AoI=6.54, Cost=2)
[2026-03-23 14:44:58] [INFO]     [评估] Node 3: Score=17.05 (AoI=4.05, Cost=13)
[2026-03-23 14:44:58] [INFO] [请求 14] 部署 Node 2 | AoI=6.54, Cost=2
[2026-03-23 14:44:58] [INFO]     [剪枝] Node 1 内存不足 (剩余 4G < 需求)
[2026-03-23 14:44:58] [INFO]     [剪枝] Node 2 内存不足 (剩余 3G < 需求)
[2026-03-23 14:44:58] [INFO]     [剪枝] Node 3 内存不足 (剩余 3G < 需求)
[2026-03-23 14:44:58] [WARNING] [请求 15] 部署失败：资源枯竭或约束不满足
[2026-03-23 14:44:58] [INFO]     [剪枝] Node 1 内存不足 (剩余 4G < 需求)
[2026-03-23 14:44:58] [INFO]     [剪枝] Node 2 内存不足 (剩余 3G < 需求)
[2026-03-23 14:44:58] [INFO]     [剪枝] Node 3 内存不足 (剩余 3G < 需求)
[2026-03-23 14:44:58] [WARNING] [请求 16] 部署失败：资源枯竭或约束不满足
[2026-03-23 14:44:58] [INFO]     [评估] Node 1: Score=16.70 (AoI=3.70, Cost=13)
[2026-03-23 14:44:58] [INFO]     [评估] Node 2: Score=6.70 (AoI=4.70, Cost=2)
[2026-03-23 14:44:58] [INFO]     [评估] Node 3: Score=16.95 (AoI=3.95, Cost=13)
[2026-03-23 14:44:58] [INFO] [请求 17] 部署 Node 2 | AoI=4.70, Cost=2
[2026-03-23 14:44:58] [INFO]     [剪枝] Node 1 内存不足 (剩余 4G < 需求)
[2026-03-23 14:44:58] [INFO]     [剪枝] Node 2 内存不足 (剩余 3G < 需求)
[2026-03-23 14:44:58] [INFO]     [剪枝] Node 3 内存不足 (剩余 3G < 需求)
[2026-03-23 14:44:58] [WARNING] [请求 18] 部署失败：资源枯竭或约束不满足
[2026-03-23 14:44:58] [INFO]     [评估] Node 1: Score=16.70 (AoI=3.70, Cost=13)
[2026-03-23 14:44:58] [INFO]     [评估] Node 2: Score=7.12 (AoI=5.12, Cost=2)
[2026-03-23 14:44:58] [INFO]     [评估] Node 3: Score=16.95 (AoI=3.95, Cost=13)
[2026-03-23 14:44:58] [INFO] [请求 19] 部署 Node 2 | AoI=5.12, Cost=2
[2026-03-23 14:44:58] [INFO]     [剪枝] Node 1 内存不足 (剩余 4G < 需求)
[2026-03-23 14:44:58] [INFO]     [剪枝] Node 2 内存不足 (剩余 3G < 需求)
[2026-03-23 14:44:58] [INFO]     [剪枝] Node 3 内存不足 (剩余 3G < 需求)
[2026-03-23 14:44:58] [WARNING] [请求 20] 部署失败：资源枯竭或约束不满足
[2026-03-23 14:44:58] [INFO]     [剪枝] Node 1 内存不足 (剩余 4G < 需求)
[2026-03-23 14:44:58] [INFO]     [剪枝] Node 2 内存不足 (剩余 3G < 需求)
[2026-03-23 14:44:58] [INFO]     [剪枝] Node 3 内存不足 (剩余 3G < 需求)
[2026-03-23 14:44:58] [WARNING] [请求 21] 部署失败：资源枯竭或约束不满足
[2026-03-23 14:44:58] [INFO]     [剪枝] Node 1 内存不足 (剩余 4G < 需求)
[2026-03-23 14:44:58] [INFO]     [剪枝] Node 2 内存不足 (剩余 3G < 需求)
[2026-03-23 14:44:58] [INFO]     [剪枝] Node 3 内存不足 (剩余 3G < 需求)
[2026-03-23 14:44:58] [WARNING] [请求 22] 部署失败：资源枯竭或约束不满足
[2026-03-23 14:44:58] [INFO]     [剪枝] Node 1 内存不足 (剩余 4G < 需求)
[2026-03-23 14:44:58] [INFO]     [剪枝] Node 2 内存不足 (剩余 3G < 需求)
[2026-03-23 14:44:58] [INFO]     [剪枝] Node 3 内存不足 (剩余 3G < 需求)
[2026-03-23 14:44:58] [WARNING] [请求 23] 部署失败：资源枯竭或约束不满足
[2026-03-23 14:44:58] [INFO]     [评估] Node 1: Score=16.70 (AoI=3.70, Cost=13)
[2026-03-23 14:44:58] [INFO]     [评估] Node 2: Score=6.70 (AoI=4.70, Cost=2)
[2026-03-23 14:44:58] [INFO]     [评估] Node 3: Score=17.05 (AoI=4.05, Cost=13)
[2026-03-23 14:44:58] [INFO] [请求 24] 部署 Node 2 | AoI=4.70, Cost=2
[2026-03-23 14:44:58] [INFO]     [评估] Node 1: Score=16.70 (AoI=3.70, Cost=13)
[2026-03-23 14:44:58] [INFO]     [评估] Node 2: Score=8.08 (AoI=6.08, Cost=2)
[2026-03-23 14:44:58] [INFO]     [评估] Node 3: Score=16.95 (AoI=3.95, Cost=13)
[2026-03-23 14:44:58] [INFO] [请求 25] 部署 Node 2 | AoI=6.08, Cost=2
[2026-03-23 14:44:58] [INFO]     [评估] Node 1: Score=16.70 (AoI=3.70, Cost=13)
[2026-03-23 14:44:58] [INFO]     [评估] Node 2: Score=9.60 (AoI=7.60, Cost=2)
[2026-03-23 14:44:58] [INFO]     [评估] Node 3: Score=17.05 (AoI=4.05, Cost=13)
[2026-03-23 14:44:58] [INFO] [请求 26] 部署 Node 2 | AoI=7.60, Cost=2
[2026-03-23 14:44:58] [INFO]     [剪枝] Node 1 内存不足 (剩余 4G < 需求)
[2026-03-23 14:44:58] [INFO]     [剪枝] Node 2 内存不足 (剩余 3G < 需求)
[2026-03-23 14:44:58] [INFO]     [剪枝] Node 3 内存不足 (剩余 3G < 需求)
[2026-03-23 14:44:58] [WARNING] [请求 27] 部署失败：资源枯竭或约束不满足
[2026-03-23 14:44:58] [INFO]     [评估] Node 1: Score=16.70 (AoI=3.70, Cost=13)
[2026-03-23 14:44:58] [INFO]     [评估] Node 2: Score=6.70 (AoI=4.70, Cost=2)
[2026-03-23 14:44:58] [INFO]     [评估] Node 3: Score=16.95 (AoI=3.95, Cost=13)
[2026-03-23 14:44:58] [INFO] [请求 28] 部署 Node 2 | AoI=4.70, Cost=2
[2026-03-23 14:44:58] [INFO]     [评估] Node 1: Score=16.70 (AoI=3.70, Cost=13)
[2026-03-23 14:44:58] [INFO]     [评估] Node 2: Score=6.70 (AoI=4.70, Cost=2)
[2026-03-23 14:44:58] [INFO]     [评估] Node 3: Score=17.05 (AoI=4.05, Cost=13)
[2026-03-23 14:44:58] [INFO] [请求 29] 部署 Node 2 | AoI=4.70, Cost=2
[2026-03-23 14:44:58] [INFO]     [评估] Node 1: Score=16.70 (AoI=3.70, Cost=13)
[2026-03-23 14:44:58] [INFO]     [评估] Node 2: Score=7.80 (AoI=5.80, Cost=2)
[2026-03-23 14:44:58] [INFO]     [评估] Node 3: Score=16.95 (AoI=3.95, Cost=13)
[2026-03-23 14:44:58] [INFO] [请求 30] 部署 Node 2 | AoI=5.80, Cost=2
[2026-03-23 14:44:58] [INFO]     [剪枝] Node 1 内存不足 (剩余 4G < 需求)
[2026-03-23 14:44:58] [INFO]     [剪枝] Node 2 内存不足 (剩余 3G < 需求)
[2026-03-23 14:44:58] [INFO]     [剪枝] Node 3 内存不足 (剩余 3G < 需求)
[2026-03-23 14:44:58] [WARNING] [请求 31] 部署失败：资源枯竭或约束不满足
[2026-03-23 14:44:58] [INFO]     [评估] Node 1: Score=16.70 (AoI=3.70, Cost=13)
[2026-03-23 14:44:58] [INFO]     [评估] Node 2: Score=9.28 (AoI=7.28, Cost=2)
[2026-03-23 14:44:58] [INFO]     [评估] Node 3: Score=16.95 (AoI=3.95, Cost=13)
[2026-03-23 14:44:58] [INFO] [请求 32] 部署 Node 2 | AoI=7.28, Cost=2
[2026-03-23 14:44:58] [INFO]     [评估] Node 1: Score=16.70 (AoI=3.70, Cost=13)
[2026-03-23 14:44:58] [INFO]     [评估] Node 2: Score=9.46 (AoI=7.46, Cost=2)
[2026-03-23 14:44:58] [INFO]     [评估] Node 3: Score=17.05 (AoI=4.05, Cost=13)
[2026-03-23 14:44:58] [INFO] [请求 33] 部署 Node 2 | AoI=7.46, Cost=2
[2026-03-23 14:44:58] [INFO]     [评估] Node 1: Score=16.70 (AoI=3.70, Cost=13)
[2026-03-23 14:44:58] [INFO]     [评估] Node 2: Score=9.65 (AoI=7.65, Cost=2)
[2026-03-23 14:44:58] [INFO]     [评估] Node 3: Score=17.05 (AoI=4.05, Cost=13)
[2026-03-23 14:44:58] [INFO] [请求 34] 部署 Node 2 | AoI=7.65, Cost=2
[2026-03-23 14:44:58] [INFO]     [剪枝] Node 1 内存不足 (剩余 4G < 需求)
[2026-03-23 14:44:58] [INFO]     [剪枝] Node 2 内存不足 (剩余 3G < 需求)
[2026-03-23 14:44:58] [INFO]     [剪枝] Node 3 内存不足 (剩余 3G < 需求)
[2026-03-23 14:44:58] [WARNING] [请求 35] 部署失败：资源枯竭或约束不满足
[2026-03-23 14:44:58] [INFO]     [评估] Node 1: Score=16.70 (AoI=3.70, Cost=13)
[2026-03-23 14:44:58] [INFO]     [评估] Node 2: Score=6.70 (AoI=4.70, Cost=2)
[2026-03-23 14:44:58] [INFO]     [评估] Node 3: Score=17.05 (AoI=4.05, Cost=13)
[2026-03-23 14:44:58] [INFO] [请求 36] 部署 Node 2 | AoI=4.70, Cost=2
[2026-03-23 14:44:58] [INFO]     [剪枝] Node 1 内存不足 (剩余 4G < 需求)
[2026-03-23 14:44:58] [INFO]     [剪枝] Node 2 内存不足 (剩余 3G < 需求)
[2026-03-23 14:44:58] [INFO]     [剪枝] Node 3 内存不足 (剩余 3G < 需求)
[2026-03-23 14:44:58] [WARNING] [请求 37] 部署失败：资源枯竭或约束不满足
[2026-03-23 14:44:58] [INFO]     [剪枝] Node 1 内存不足 (剩余 4G < 需求)
[2026-03-23 14:44:58] [INFO]     [剪枝] Node 2 内存不足 (剩余 3G < 需求)
[2026-03-23 14:44:58] [INFO]     [剪枝] Node 3 内存不足 (剩余 3G < 需求)
[2026-03-23 14:44:58] [WARNING] [请求 38] 部署失败：资源枯竭或约束不满足
[2026-03-23 14:44:58] [INFO]     [评估] Node 1: Score=16.70 (AoI=3.70, Cost=13)
[2026-03-23 14:44:58] [INFO]     [评估] Node 2: Score=6.70 (AoI=4.70, Cost=2)
[2026-03-23 14:44:58] [INFO]     [评估] Node 3: Score=16.95 (AoI=3.95, Cost=13)
[2026-03-23 14:44:58] [INFO] [请求 39] 部署 Node 2 | AoI=4.70, Cost=2
[2026-03-23 14:44:58] [INFO]     [剪枝] Node 1 内存不足 (剩余 4G < 需求)
[2026-03-23 14:44:58] [INFO]     [剪枝] Node 2 内存不足 (剩余 3G < 需求)
[2026-03-23 14:44:58] [INFO]     [剪枝] Node 3 内存不足 (剩余 3G < 需求)
[2026-03-23 14:44:58] [WARNING] [请求 40] 部署失败：资源枯竭或约束不满足
[2026-03-23 14:44:58] [INFO]     [剪枝] Node 1 内存不足 (剩余 4G < 需求)
[2026-03-23 14:44:58] [INFO]     [剪枝] Node 2 内存不足 (剩余 3G < 需求)
[2026-03-23 14:44:58] [INFO]     [剪枝] Node 3 内存不足 (剩余 3G < 需求)
[2026-03-23 14:44:58] [WARNING] [请求 41] 部署失败：资源枯竭或约束不满足
[2026-03-23 14:44:58] [INFO]     [剪枝] Node 1 内存不足 (剩余 4G < 需求)
[2026-03-23 14:44:58] [INFO]     [剪枝] Node 2 内存不足 (剩余 3G < 需求)
[2026-03-23 14:44:58] [INFO]     [剪枝] Node 3 内存不足 (剩余 3G < 需求)
[2026-03-23 14:44:58] [WARNING] [请求 42] 部署失败：资源枯竭或约束不满足
[2026-03-23 14:44:58] [INFO]     [评估] Node 1: Score=16.70 (AoI=3.70, Cost=13)
[2026-03-23 14:44:58] [INFO]     [评估] Node 2: Score=6.70 (AoI=4.70, Cost=2)
[2026-03-23 14:44:58] [INFO]     [评估] Node 3: Score=17.05 (AoI=4.05, Cost=13)
[2026-03-23 14:44:58] [INFO] [请求 43] 部署 Node 2 | AoI=4.70, Cost=2
[2026-03-23 14:44:58] [INFO]     [剪枝] Node 1 内存不足 (剩余 4G < 需求)
[2026-03-23 14:44:58] [INFO]     [剪枝] Node 2 内存不足 (剩余 3G < 需求)
[2026-03-23 14:44:58] [INFO]     [剪枝] Node 3 内存不足 (剩余 3G < 需求)
[2026-03-23 14:44:58] [WARNING] [请求 44] 部署失败：资源枯竭或约束不满足
[2026-03-23 14:44:58] [INFO]     [剪枝] Node 1 内存不足 (剩余 4G < 需求)
[2026-03-23 14:44:58] [INFO]     [剪枝] Node 2 内存不足 (剩余 3G < 需求)
[2026-03-23 14:44:58] [INFO]     [剪枝] Node 3 内存不足 (剩余 3G < 需求)
[2026-03-23 14:44:58] [WARNING] [请求 45] 部署失败：资源枯竭或约束不满足
[2026-03-23 14:44:58] [INFO]     [剪枝] Node 1 内存不足 (剩余 4G < 需求)
[2026-03-23 14:44:58] [INFO]     [剪枝] Node 2 内存不足 (剩余 3G < 需求)
[2026-03-23 14:44:58] [INFO]     [剪枝] Node 3 内存不足 (剩余 3G < 需求)
[2026-03-23 14:44:58] [WARNING] [请求 46] 部署失败：资源枯竭或约束不满足
[2026-03-23 14:44:58] [INFO]     [评估] Node 1: Score=16.70 (AoI=3.70, Cost=13)
[2026-03-23 14:44:58] [INFO]     [评估] Node 2: Score=6.70 (AoI=4.70, Cost=2)
[2026-03-23 14:44:58] [INFO]     [评估] Node 3: Score=16.95 (AoI=3.95, Cost=13)
[2026-03-23 14:44:58] [INFO] [请求 47] 部署 Node 2 | AoI=4.70, Cost=2
[2026-03-23 14:44:58] [INFO]     [剪枝] Node 1 内存不足 (剩余 4G < 需求)
[2026-03-23 14:44:58] [INFO]     [剪枝] Node 2 内存不足 (剩余 3G < 需求)
[2026-03-23 14:44:58] [INFO]     [剪枝] Node 3 内存不足 (剩余 3G < 需求)
[2026-03-23 14:44:58] [WARNING] [请求 48] 部署失败：资源枯竭或约束不满足
[2026-03-23 14:44:58] [INFO]     [评估] Node 1: Score=16.70 (AoI=3.70, Cost=13)
[2026-03-23 14:44:58] [INFO]     [评估] Node 2: Score=6.70 (AoI=4.70, Cost=2)
[2026-03-23 14:44:58] [INFO]     [评估] Node 3: Score=16.95 (AoI=3.95, Cost=13)
[2026-03-23 14:44:58] [INFO] [请求 49] 部署 Node 2 | AoI=4.70, Cost=2
[2026-03-23 14:44:58] [INFO]     [评估] Node 1: Score=16.70 (AoI=3.70, Cost=13)
[2026-03-23 14:44:58] [INFO]     [评估] Node 2: Score=7.68 (AoI=5.68, Cost=2)
[2026-03-23 14:44:58] [INFO]     [评估] Node 3: Score=17.05 (AoI=4.05, Cost=13)
[2026-03-23 14:44:58] [INFO] [请求 50] 部署 Node 2 | AoI=5.68, Cost=2
[2026-03-23 14:44:58] [INFO] 
仿真结束，正在生成对比可视化报表...
[2026-03-23 15:03:13] [INFO] 
========== 开始评测算法: Random Baseline ==========
[2026-03-23 15:03:13] [INFO] 初始化网络拓扑...
[2026-03-23 15:03:13] [INFO] [请求 1] 部署 Node 3 | AoI=3.95, Cost=3.75
[2026-03-23 15:03:13] [INFO] 内存淘汰 1
[2026-03-23 15:03:13] [INFO] 内存淘汰 3
[2026-03-23 15:03:13] [INFO] [请求 2] 部署 Node 2 | AoI=7.10, Cost=10.0
[2026-03-23 15:03:13] [INFO] 内存淘汰 2
[2026-03-23 15:03:13] [INFO] [请求 3] 部署 Node 1 | AoI=3.70, Cost=13.0
[2026-03-23 15:03:13] [INFO] 内存淘汰 1
[2026-03-23 15:03:13] [INFO] 内存淘汰 3
[2026-03-23 15:03:13] [INFO] [请求 4] 部署 Node 2 | AoI=9.78, Cost=10.0
[2026-03-23 15:03:13] [INFO] 内存淘汰 1
[2026-03-23 15:03:13] [INFO] 内存淘汰 3
[2026-03-23 15:03:13] [INFO] [请求 5] 部署 Node 2 | AoI=14.25, Cost=10.0
[2026-03-23 15:03:13] [INFO] 内存淘汰 1
[2026-03-23 15:03:13] [INFO] 内存淘汰 3
[2026-03-23 15:03:13] [INFO] [请求 6] 部署 Node 2 | AoI=16.73, Cost=10.0
[2026-03-23 15:03:13] [INFO] 内存淘汰 1
[2026-03-23 15:03:13] [INFO] 内存淘汰 3
[2026-03-23 15:03:13] [INFO] [请求 7] 部署 Node 2 | AoI=20.54, Cost=10.0
[2026-03-23 15:03:13] [INFO] 内存淘汰 2
[2026-03-23 15:03:13] [INFO] [请求 8] 部署 Node 1 | AoI=3.70, Cost=3.0
[2026-03-23 15:03:13] [INFO] 内存淘汰 1
[2026-03-23 15:03:13] [INFO] 内存淘汰 3
[2026-03-23 15:03:13] [INFO] [请求 9] 部署 Node 2 | AoI=21.86, Cost=10.0
[2026-03-23 15:03:13] [INFO] 内存淘汰 1
[2026-03-23 15:03:13] [INFO] 内存淘汰 3
[2026-03-23 15:03:13] [INFO] [请求 10] 部署 Node 2 | AoI=20.56, Cost=10.0
[2026-03-23 15:03:13] [INFO] 内存淘汰 2
[2026-03-23 15:03:13] [INFO] [请求 11] 部署 Node 1 | AoI=3.70, Cost=3.0
[2026-03-23 15:03:13] [INFO] 内存淘汰 1
[2026-03-23 15:03:13] [INFO] 内存淘汰 3
[2026-03-23 15:03:13] [INFO] [请求 12] 部署 Node 2 | AoI=21.60, Cost=10.0
[2026-03-23 15:03:13] [INFO] 内存淘汰 2
[2026-03-23 15:03:13] [INFO] [请求 13] 部署 Node 1 | AoI=3.70, Cost=3.0
[2026-03-23 15:03:13] [INFO] 内存淘汰 2
[2026-03-23 15:03:13] [INFO] [请求 14] 部署 Node 1 | AoI=4.54, Cost=3.0
[2026-03-23 15:03:13] [INFO] 内存淘汰 1
[2026-03-23 15:03:13] [INFO] 内存淘汰 3
[2026-03-23 15:03:13] [INFO] [请求 15] 部署 Node 2 | AoI=22.10, Cost=10.0
[2026-03-23 15:03:13] [INFO] 内存淘汰 1
[2026-03-23 15:03:13] [INFO] 内存淘汰 3
[2026-03-23 15:03:13] [INFO] [请求 16] 部署 Node 2 | AoI=24.93, Cost=10.0
[2026-03-23 15:03:13] [INFO] 内存淘汰 2
[2026-03-23 15:03:13] [INFO] [请求 17] 部署 Node 3 | AoI=3.95, Cost=13.75
[2026-03-23 15:03:13] [INFO] 内存淘汰 1
[2026-03-23 15:03:13] [INFO] 内存淘汰 3
[2026-03-23 15:03:13] [INFO] [请求 18] 部署 Node 2 | AoI=25.42, Cost=10.0
[2026-03-23 15:03:13] [INFO] 内存淘汰 2
[2026-03-23 15:03:13] [INFO] [请求 19] 部署 Node 1 | AoI=3.70, Cost=13.0
[2026-03-23 15:03:13] [INFO] 内存淘汰 1
[2026-03-23 15:03:13] [INFO] 内存淘汰 3
[2026-03-23 15:03:13] [INFO] [请求 20] 部署 Node 2 | AoI=27.07, Cost=10.0
[2026-03-23 15:03:13] [INFO] 内存淘汰 1
[2026-03-23 15:03:13] [INFO] 内存淘汰 3
[2026-03-23 15:03:13] [INFO] [请求 21] 部署 Node 2 | AoI=30.54, Cost=10.0
[2026-03-23 15:03:13] [INFO] 内存淘汰 1
[2026-03-23 15:03:13] [INFO] 内存淘汰 3
[2026-03-23 15:03:13] [INFO] [请求 22] 部署 Node 2 | AoI=34.30, Cost=10.0
[2026-03-23 15:03:13] [INFO] 内存淘汰 1
[2026-03-23 15:03:13] [INFO] 内存淘汰 3
[2026-03-23 15:03:13] [INFO] [请求 23] 部署 Node 2 | AoI=36.99, Cost=10.0
[2026-03-23 15:03:13] [INFO] 内存淘汰 2
[2026-03-23 15:03:13] [INFO] [请求 24] 部署 Node 3 | AoI=4.05, Cost=13.75
[2026-03-23 15:03:13] [INFO] 内存淘汰 2
[2026-03-23 15:03:13] [INFO] [请求 25] 部署 Node 1 | AoI=3.70, Cost=13.0
[2026-03-23 15:03:13] [INFO] 内存淘汰 2
[2026-03-23 15:03:13] [INFO] [请求 26] 部署 Node 3 | AoI=4.20, Cost=13.75
[2026-03-23 15:03:13] [INFO] 内存淘汰 1
[2026-03-23 15:03:13] [INFO] 内存淘汰 3
[2026-03-23 15:03:13] [INFO] [请求 27] 部署 Node 2 | AoI=33.12, Cost=10.0
[2026-03-23 15:03:13] [INFO] 内存淘汰 2
[2026-03-23 15:03:13] [INFO] [请求 28] 部署 Node 1 | AoI=3.70, Cost=13.0
[2026-03-23 15:03:13] [INFO] 内存淘汰 2
[2026-03-23 15:03:13] [INFO] [请求 29] 部署 Node 1 | AoI=3.70, Cost=3.0
[2026-03-23 15:03:13] [INFO] 内存淘汰 2
[2026-03-23 15:03:13] [INFO] [请求 30] 部署 Node 1 | AoI=3.80, Cost=3.0
[2026-03-23 15:03:13] [INFO] 内存淘汰 1
[2026-03-23 15:03:13] [INFO] 内存淘汰 3
[2026-03-23 15:03:13] [INFO] [请求 31] 部署 Node 2 | AoI=33.67, Cost=10.0
[2026-03-23 15:03:13] [INFO] 内存淘汰 2
[2026-03-23 15:03:13] [INFO] [请求 32] 部署 Node 3 | AoI=3.95, Cost=13.75
[2026-03-23 15:03:13] [INFO] 内存淘汰 2
[2026-03-23 15:03:13] [INFO] [请求 33] 部署 Node 3 | AoI=4.05, Cost=3.75
[2026-03-23 15:03:13] [INFO] 内存淘汰 2
[2026-03-23 15:03:13] [INFO] [请求 34] 部署 Node 3 | AoI=4.05, Cost=3.75
[2026-03-23 15:03:13] [INFO] 内存淘汰 1
[2026-03-23 15:03:13] [INFO] 内存淘汰 3
[2026-03-23 15:03:13] [INFO] [请求 35] 部署 Node 2 | AoI=27.62, Cost=10.0
[2026-03-23 15:03:13] [INFO] 内存淘汰 2
[2026-03-23 15:03:13] [INFO] [请求 36] 部署 Node 1 | AoI=3.70, Cost=13.0
[2026-03-23 15:03:13] [INFO] 内存淘汰 1
[2026-03-23 15:03:13] [INFO] 内存淘汰 3
[2026-03-23 15:03:13] [INFO] [请求 37] 部署 Node 2 | AoI=30.10, Cost=10.0
[2026-03-23 15:03:13] [INFO] 内存淘汰 1
[2026-03-23 15:03:13] [INFO] 内存淘汰 3
[2026-03-23 15:03:13] [INFO] [请求 38] 部署 Node 2 | AoI=33.89, Cost=10.0
[2026-03-23 15:03:13] [INFO] 内存淘汰 2
[2026-03-23 15:03:13] [INFO] [请求 39] 部署 Node 3 | AoI=3.95, Cost=13.75
[2026-03-23 15:03:13] [INFO] 内存淘汰 1
[2026-03-23 15:03:13] [INFO] 内存淘汰 3
[2026-03-23 15:03:13] [INFO] [请求 40] 部署 Node 2 | AoI=33.79, Cost=10.0
[2026-03-23 15:03:13] [INFO] 内存淘汰 1
[2026-03-23 15:03:13] [INFO] 内存淘汰 3
[2026-03-23 15:03:13] [INFO] [请求 41] 部署 Node 2 | AoI=37.85, Cost=10.0
[2026-03-23 15:03:13] [INFO] 内存淘汰 1
[2026-03-23 15:03:13] [INFO] 内存淘汰 3
[2026-03-23 15:03:13] [INFO] [请求 42] 部署 Node 2 | AoI=41.02, Cost=10.0
[2026-03-23 15:03:13] [INFO] 内存淘汰 2
[2026-03-23 15:03:13] [INFO] [请求 43] 部署 Node 1 | AoI=3.70, Cost=13.0
[2026-03-23 15:03:13] [INFO] 内存淘汰 1
[2026-03-23 15:03:13] [INFO] 内存淘汰 3
[2026-03-23 15:03:13] [INFO] [请求 44] 部署 Node 2 | AoI=45.24, Cost=10.0
[2026-03-23 15:03:13] [INFO] 内存淘汰 1
[2026-03-23 15:03:13] [INFO] 内存淘汰 3
[2026-03-23 15:03:13] [INFO] [请求 45] 部署 Node 2 | AoI=50.06, Cost=10.0
[2026-03-23 15:03:13] [INFO] 内存淘汰 1
[2026-03-23 15:03:13] [INFO] 内存淘汰 3
[2026-03-23 15:03:13] [INFO] [请求 46] 部署 Node 2 | AoI=47.43, Cost=10.0
[2026-03-23 15:03:13] [INFO] 内存淘汰 2
[2026-03-23 15:03:13] [INFO] [请求 47] 部署 Node 3 | AoI=3.95, Cost=13.75
[2026-03-23 15:03:13] [INFO] 内存淘汰 1
[2026-03-23 15:03:13] [INFO] 内存淘汰 3
[2026-03-23 15:03:13] [INFO] [请求 48] 部署 Node 2 | AoI=48.77, Cost=10.0
[2026-03-23 15:03:13] [INFO] 内存淘汰 2
[2026-03-23 15:03:13] [INFO] [请求 49] 部署 Node 3 | AoI=3.95, Cost=3.75
[2026-03-23 15:03:13] [INFO] 内存淘汰 2
[2026-03-23 15:03:13] [INFO] [请求 50] 部署 Node 3 | AoI=4.28, Cost=3.75
[2026-03-23 15:03:13] [INFO] 
========== 开始评测算法: Greedy Best ==========
[2026-03-23 15:03:13] [INFO] 初始化网络拓扑...
[2026-03-23 15:03:13] [INFO]     [评估] Node 1: Score=6.70 (AoI=3.70, Cost=3.0)
[2026-03-23 15:03:13] [INFO]     [评估] Node 2: Score=8.70 (AoI=4.70, Cost=4.0)
[2026-03-23 15:03:13] [INFO]     [评估] Node 3: Score=7.70 (AoI=3.95, Cost=3.75)
[2026-03-23 15:03:13] [INFO] [请求 1] 部署 Node 1 | AoI=3.70, Cost=3.0
[2026-03-23 15:03:13] [INFO]     [剪枝] Node 1 内存不足 (剩余 2G < 需求)
[2026-03-23 15:03:13] [INFO]     [评估] Node 2: Score=17.10 (AoI=7.10, Cost=10.0)
[2026-03-23 15:03:13] [INFO]     [剪枝] Node 3 内存不足 (剩余 3G < 需求)
[2026-03-23 15:03:13] [INFO] [请求 2] 部署 Node 2 | AoI=7.10, Cost=10.0
[2026-03-23 15:03:13] [INFO]     [评估] Node 1: Score=6.70 (AoI=3.70, Cost=3.0)
[2026-03-23 15:03:13] [INFO]     [剪枝] Node 2 内存不足 (剩余 0G < 需求)
[2026-03-23 15:03:13] [INFO]     [评估] Node 3: Score=17.70 (AoI=3.95, Cost=13.75)
[2026-03-23 15:03:13] [INFO] [请求 3] 部署 Node 1 | AoI=3.70, Cost=3.0
[2026-03-23 15:03:13] [INFO]     [剪枝] Node 1 内存不足 (剩余 2G < 需求)
[2026-03-23 15:03:13] [INFO]     [评估] Node 2: Score=19.78 (AoI=9.78, Cost=10.0)
[2026-03-23 15:03:13] [INFO]     [剪枝] Node 3 内存不足 (剩余 3G < 需求)
[2026-03-23 15:03:13] [INFO] [请求 4] 部署 Node 2 | AoI=9.78, Cost=10.0
[2026-03-23 15:03:13] [INFO]     [剪枝] Node 1 内存不足 (剩余 2G < 需求)
[2026-03-23 15:03:13] [INFO]     [评估] Node 2: Score=24.25 (AoI=14.25, Cost=10.0)
[2026-03-23 15:03:13] [INFO]     [剪枝] Node 3 内存不足 (剩余 3G < 需求)
[2026-03-23 15:03:13] [INFO] [请求 5] 部署 Node 2 | AoI=14.25, Cost=10.0
[2026-03-23 15:03:13] [INFO]     [剪枝] Node 1 内存不足 (剩余 2G < 需求)
[2026-03-23 15:03:13] [INFO]     [评估] Node 2: Score=26.73 (AoI=16.73, Cost=10.0)
[2026-03-23 15:03:13] [INFO]     [剪枝] Node 3 内存不足 (剩余 3G < 需求)
[2026-03-23 15:03:13] [INFO] [请求 6] 部署 Node 2 | AoI=16.73, Cost=10.0
[2026-03-23 15:03:13] [INFO]     [剪枝] Node 1 内存不足 (剩余 2G < 需求)
[2026-03-23 15:03:13] [INFO]     [评估] Node 2: Score=30.54 (AoI=20.54, Cost=10.0)
[2026-03-23 15:03:13] [INFO]     [剪枝] Node 3 内存不足 (剩余 3G < 需求)
[2026-03-23 15:03:13] [INFO] [请求 7] 部署 Node 2 | AoI=20.54, Cost=10.0
[2026-03-23 15:03:13] [INFO]     [评估] Node 1: Score=6.70 (AoI=3.70, Cost=3.0)
[2026-03-23 15:03:13] [INFO]     [剪枝] Node 2 内存不足 (剩余 0G < 需求)
[2026-03-23 15:03:13] [INFO]     [评估] Node 3: Score=17.70 (AoI=3.95, Cost=13.75)
[2026-03-23 15:03:13] [INFO] [请求 8] 部署 Node 1 | AoI=3.70, Cost=3.0
[2026-03-23 15:03:13] [INFO]     [剪枝] Node 1 内存不足 (剩余 2G < 需求)
[2026-03-23 15:03:13] [INFO]     [评估] Node 2: Score=31.86 (AoI=21.86, Cost=10.0)
[2026-03-23 15:03:13] [INFO]     [剪枝] Node 3 内存不足 (剩余 3G < 需求)
[2026-03-23 15:03:13] [INFO] [请求 9] 部署 Node 2 | AoI=21.86, Cost=10.0
[2026-03-23 15:03:13] [INFO]     [剪枝] Node 1 内存不足 (剩余 2G < 需求)
[2026-03-23 15:03:13] [INFO]     [评估] Node 2: Score=30.56 (AoI=20.56, Cost=10.0)
[2026-03-23 15:03:13] [INFO]     [剪枝] Node 3 内存不足 (剩余 3G < 需求)
[2026-03-23 15:03:13] [INFO] [请求 10] 部署 Node 2 | AoI=20.56, Cost=10.0
[2026-03-23 15:03:13] [INFO]     [评估] Node 1: Score=6.70 (AoI=3.70, Cost=3.0)
[2026-03-23 15:03:13] [INFO]     [剪枝] Node 2 内存不足 (剩余 0G < 需求)
[2026-03-23 15:03:13] [INFO]     [评估] Node 3: Score=17.70 (AoI=3.95, Cost=13.75)
[2026-03-23 15:03:13] [INFO] [请求 11] 部署 Node 1 | AoI=3.70, Cost=3.0
[2026-03-23 15:03:13] [INFO]     [剪枝] Node 1 内存不足 (剩余 2G < 需求)
[2026-03-23 15:03:13] [INFO]     [评估] Node 2: Score=31.60 (AoI=21.60, Cost=10.0)
[2026-03-23 15:03:13] [INFO]     [剪枝] Node 3 内存不足 (剩余 3G < 需求)
[2026-03-23 15:03:13] [INFO] [请求 12] 部署 Node 2 | AoI=21.60, Cost=10.0
[2026-03-23 15:03:13] [INFO]     [评估] Node 1: Score=6.70 (AoI=3.70, Cost=3.0)
[2026-03-23 15:03:13] [INFO]     [剪枝] Node 2 内存不足 (剩余 0G < 需求)
[2026-03-23 15:03:13] [INFO]     [评估] Node 3: Score=17.70 (AoI=3.95, Cost=13.75)
[2026-03-23 15:03:13] [INFO] [请求 13] 部署 Node 1 | AoI=3.70, Cost=3.0
[2026-03-23 15:03:13] [INFO]     [评估] Node 1: Score=7.54 (AoI=4.54, Cost=3.0)
[2026-03-23 15:03:13] [INFO]     [剪枝] Node 2 内存不足 (剩余 0G < 需求)
[2026-03-23 15:03:13] [INFO]     [评估] Node 3: Score=17.80 (AoI=4.05, Cost=13.75)
[2026-03-23 15:03:13] [INFO] [请求 14] 部署 Node 1 | AoI=4.54, Cost=3.0
[2026-03-23 15:03:13] [INFO]     [剪枝] Node 1 内存不足 (剩余 2G < 需求)
[2026-03-23 15:03:13] [INFO]     [评估] Node 2: Score=32.10 (AoI=22.10, Cost=10.0)
[2026-03-23 15:03:13] [INFO]     [剪枝] Node 3 内存不足 (剩余 3G < 需求)
[2026-03-23 15:03:13] [INFO] [请求 15] 部署 Node 2 | AoI=22.10, Cost=10.0
[2026-03-23 15:03:13] [INFO]     [剪枝] Node 1 内存不足 (剩余 2G < 需求)
[2026-03-23 15:03:13] [INFO]     [评估] Node 2: Score=34.93 (AoI=24.93, Cost=10.0)
[2026-03-23 15:03:13] [INFO]     [剪枝] Node 3 内存不足 (剩余 3G < 需求)
[2026-03-23 15:03:13] [INFO] [请求 16] 部署 Node 2 | AoI=24.93, Cost=10.0
[2026-03-23 15:03:13] [INFO]     [评估] Node 1: Score=6.70 (AoI=3.70, Cost=3.0)
[2026-03-23 15:03:13] [INFO]     [剪枝] Node 2 内存不足 (剩余 0G < 需求)
[2026-03-23 15:03:13] [INFO]     [评估] Node 3: Score=17.70 (AoI=3.95, Cost=13.75)
[2026-03-23 15:03:13] [INFO] [请求 17] 部署 Node 1 | AoI=3.70, Cost=3.0
[2026-03-23 15:03:13] [INFO]     [剪枝] Node 1 内存不足 (剩余 2G < 需求)
[2026-03-23 15:03:13] [INFO]     [评估] Node 2: Score=35.42 (AoI=25.42, Cost=10.0)
[2026-03-23 15:03:13] [INFO]     [剪枝] Node 3 内存不足 (剩余 3G < 需求)
[2026-03-23 15:03:13] [INFO] [请求 18] 部署 Node 2 | AoI=25.42, Cost=10.0
[2026-03-23 15:03:13] [INFO]     [评估] Node 1: Score=6.70 (AoI=3.70, Cost=3.0)
[2026-03-23 15:03:13] [INFO]     [剪枝] Node 2 内存不足 (剩余 0G < 需求)
[2026-03-23 15:03:13] [INFO]     [评估] Node 3: Score=17.70 (AoI=3.95, Cost=13.75)
[2026-03-23 15:03:13] [INFO] [请求 19] 部署 Node 1 | AoI=3.70, Cost=3.0
[2026-03-23 15:03:13] [INFO]     [剪枝] Node 1 内存不足 (剩余 2G < 需求)
[2026-03-23 15:03:13] [INFO]     [评估] Node 2: Score=37.07 (AoI=27.07, Cost=10.0)
[2026-03-23 15:03:13] [INFO]     [剪枝] Node 3 内存不足 (剩余 3G < 需求)
[2026-03-23 15:03:13] [INFO] [请求 20] 部署 Node 2 | AoI=27.07, Cost=10.0
[2026-03-23 15:03:13] [INFO]     [剪枝] Node 1 内存不足 (剩余 2G < 需求)
[2026-03-23 15:03:13] [INFO]     [评估] Node 2: Score=40.54 (AoI=30.54, Cost=10.0)
[2026-03-23 15:03:13] [INFO]     [剪枝] Node 3 内存不足 (剩余 3G < 需求)
[2026-03-23 15:03:13] [INFO] [请求 21] 部署 Node 2 | AoI=30.54, Cost=10.0
[2026-03-23 15:03:13] [INFO]     [剪枝] Node 1 内存不足 (剩余 2G < 需求)
[2026-03-23 15:03:13] [INFO]     [评估] Node 2: Score=44.30 (AoI=34.30, Cost=10.0)
[2026-03-23 15:03:13] [INFO]     [剪枝] Node 3 内存不足 (剩余 3G < 需求)
[2026-03-23 15:03:13] [INFO] [请求 22] 部署 Node 2 | AoI=34.30, Cost=10.0
[2026-03-23 15:03:13] [INFO]     [剪枝] Node 1 内存不足 (剩余 2G < 需求)
[2026-03-23 15:03:13] [INFO]     [评估] Node 2: Score=46.99 (AoI=36.99, Cost=10.0)
[2026-03-23 15:03:13] [INFO]     [剪枝] Node 3 内存不足 (剩余 3G < 需求)
[2026-03-23 15:03:13] [INFO] [请求 23] 部署 Node 2 | AoI=36.99, Cost=10.0
[2026-03-23 15:03:13] [INFO]     [评估] Node 1: Score=6.70 (AoI=3.70, Cost=3.0)
[2026-03-23 15:03:13] [INFO]     [剪枝] Node 2 内存不足 (剩余 0G < 需求)
[2026-03-23 15:03:13] [INFO]     [评估] Node 3: Score=17.80 (AoI=4.05, Cost=13.75)
[2026-03-23 15:03:13] [INFO] [请求 24] 部署 Node 1 | AoI=3.70, Cost=3.0
[2026-03-23 15:03:13] [INFO]     [评估] Node 1: Score=7.08 (AoI=4.08, Cost=3.0)
[2026-03-23 15:03:13] [INFO]     [剪枝] Node 2 内存不足 (剩余 0G < 需求)
[2026-03-23 15:03:13] [INFO]     [评估] Node 3: Score=17.70 (AoI=3.95, Cost=13.75)
[2026-03-23 15:03:13] [INFO] [请求 25] 部署 Node 1 | AoI=4.08, Cost=3.0
[2026-03-23 15:03:13] [INFO]     [评估] Node 1: Score=7.60 (AoI=4.60, Cost=3.0)
[2026-03-23 15:03:13] [INFO]     [剪枝] Node 2 内存不足 (剩余 0G < 需求)
[2026-03-23 15:03:13] [INFO]     [评估] Node 3: Score=17.80 (AoI=4.05, Cost=13.75)
[2026-03-23 15:03:13] [INFO] [请求 26] 部署 Node 1 | AoI=4.60, Cost=3.0
[2026-03-23 15:03:13] [INFO]     [剪枝] Node 1 内存不足 (剩余 2G < 需求)
[2026-03-23 15:03:13] [INFO]     [评估] Node 2: Score=43.12 (AoI=33.12, Cost=10.0)
[2026-03-23 15:03:13] [INFO]     [剪枝] Node 3 内存不足 (剩余 3G < 需求)
[2026-03-23 15:03:13] [INFO] [请求 27] 部署 Node 2 | AoI=33.12, Cost=10.0
[2026-03-23 15:03:13] [INFO]     [评估] Node 1: Score=6.70 (AoI=3.70, Cost=3.0)
[2026-03-23 15:03:13] [INFO]     [剪枝] Node 2 内存不足 (剩余 0G < 需求)
[2026-03-23 15:03:13] [INFO]     [评估] Node 3: Score=17.70 (AoI=3.95, Cost=13.75)
[2026-03-23 15:03:13] [INFO] [请求 28] 部署 Node 1 | AoI=3.70, Cost=3.0
[2026-03-23 15:03:13] [INFO]     [评估] Node 1: Score=6.70 (AoI=3.70, Cost=3.0)
[2026-03-23 15:03:13] [INFO]     [剪枝] Node 2 内存不足 (剩余 0G < 需求)
[2026-03-23 15:03:13] [INFO]     [评估] Node 3: Score=17.80 (AoI=4.05, Cost=13.75)
[2026-03-23 15:03:13] [INFO] [请求 29] 部署 Node 1 | AoI=3.70, Cost=3.0
[2026-03-23 15:03:13] [INFO]     [评估] Node 1: Score=6.80 (AoI=3.80, Cost=3.0)
[2026-03-23 15:03:13] [INFO]     [剪枝] Node 2 内存不足 (剩余 0G < 需求)
[2026-03-23 15:03:13] [INFO]     [评估] Node 3: Score=17.70 (AoI=3.95, Cost=13.75)
[2026-03-23 15:03:13] [INFO] [请求 30] 部署 Node 1 | AoI=3.80, Cost=3.0
[2026-03-23 15:03:13] [INFO]     [剪枝] Node 1 内存不足 (剩余 2G < 需求)
[2026-03-23 15:03:13] [INFO]     [评估] Node 2: Score=43.67 (AoI=33.67, Cost=10.0)
[2026-03-23 15:03:13] [INFO]     [剪枝] Node 3 内存不足 (剩余 3G < 需求)
[2026-03-23 15:03:13] [INFO] [请求 31] 部署 Node 2 | AoI=33.67, Cost=10.0
[2026-03-23 15:03:13] [INFO]     [评估] Node 1: Score=7.28 (AoI=4.28, Cost=3.0)
[2026-03-23 15:03:13] [INFO]     [剪枝] Node 2 内存不足 (剩余 0G < 需求)
[2026-03-23 15:03:13] [INFO]     [评估] Node 3: Score=17.70 (AoI=3.95, Cost=13.75)
[2026-03-23 15:03:13] [INFO] [请求 32] 部署 Node 1 | AoI=4.28, Cost=3.0
[2026-03-23 15:03:13] [INFO]     [评估] Node 1: Score=6.70 (AoI=3.70, Cost=3.0)
[2026-03-23 15:03:13] [INFO]     [剪枝] Node 2 内存不足 (剩余 0G < 需求)
[2026-03-23 15:03:13] [INFO]     [评估] Node 3: Score=17.80 (AoI=4.05, Cost=13.75)
[2026-03-23 15:03:13] [INFO] [请求 33] 部署 Node 1 | AoI=3.70, Cost=3.0
[2026-03-23 15:03:13] [INFO]     [评估] Node 1: Score=6.70 (AoI=3.70, Cost=3.0)
[2026-03-23 15:03:13] [INFO]     [剪枝] Node 2 内存不足 (剩余 0G < 需求)
[2026-03-23 15:03:13] [INFO]     [评估] Node 3: Score=17.80 (AoI=4.05, Cost=13.75)
[2026-03-23 15:03:13] [INFO] [请求 34] 部署 Node 1 | AoI=3.70, Cost=3.0
[2026-03-23 15:03:13] [INFO]     [剪枝] Node 1 内存不足 (剩余 2G < 需求)
[2026-03-23 15:03:13] [INFO]     [评估] Node 2: Score=37.62 (AoI=27.62, Cost=10.0)
[2026-03-23 15:03:13] [INFO]     [剪枝] Node 3 内存不足 (剩余 3G < 需求)
[2026-03-23 15:03:13] [INFO] [请求 35] 部署 Node 2 | AoI=27.62, Cost=10.0
[2026-03-23 15:03:13] [INFO]     [评估] Node 1: Score=6.70 (AoI=3.70, Cost=3.0)
[2026-03-23 15:03:13] [INFO]     [剪枝] Node 2 内存不足 (剩余 0G < 需求)
[2026-03-23 15:03:13] [INFO]     [评估] Node 3: Score=17.80 (AoI=4.05, Cost=13.75)
[2026-03-23 15:03:13] [INFO] [请求 36] 部署 Node 1 | AoI=3.70, Cost=3.0
[2026-03-23 15:03:13] [INFO]     [剪枝] Node 1 内存不足 (剩余 2G < 需求)
[2026-03-23 15:03:13] [INFO]     [评估] Node 2: Score=40.10 (AoI=30.10, Cost=10.0)
[2026-03-23 15:03:13] [INFO]     [剪枝] Node 3 内存不足 (剩余 3G < 需求)
[2026-03-23 15:03:13] [INFO] [请求 37] 部署 Node 2 | AoI=30.10, Cost=10.0
[2026-03-23 15:03:13] [INFO]     [剪枝] Node 1 内存不足 (剩余 2G < 需求)
[2026-03-23 15:03:13] [INFO]     [评估] Node 2: Score=43.89 (AoI=33.89, Cost=10.0)
[2026-03-23 15:03:13] [INFO]     [剪枝] Node 3 内存不足 (剩余 3G < 需求)
[2026-03-23 15:03:13] [INFO] [请求 38] 部署 Node 2 | AoI=33.89, Cost=10.0
[2026-03-23 15:03:13] [INFO]     [评估] Node 1: Score=6.70 (AoI=3.70, Cost=3.0)
[2026-03-23 15:03:13] [INFO]     [剪枝] Node 2 内存不足 (剩余 0G < 需求)
[2026-03-23 15:03:13] [INFO]     [评估] Node 3: Score=17.70 (AoI=3.95, Cost=13.75)
[2026-03-23 15:03:13] [INFO] [请求 39] 部署 Node 1 | AoI=3.70, Cost=3.0
[2026-03-23 15:03:13] [INFO]     [剪枝] Node 1 内存不足 (剩余 2G < 需求)
[2026-03-23 15:03:13] [INFO]     [评估] Node 2: Score=43.79 (AoI=33.79, Cost=10.0)
[2026-03-23 15:03:13] [INFO]     [剪枝] Node 3 内存不足 (剩余 3G < 需求)
[2026-03-23 15:03:13] [INFO] [请求 40] 部署 Node 2 | AoI=33.79, Cost=10.0
[2026-03-23 15:03:13] [INFO]     [剪枝] Node 1 内存不足 (剩余 2G < 需求)
[2026-03-23 15:03:13] [INFO]     [评估] Node 2: Score=47.85 (AoI=37.85, Cost=10.0)
[2026-03-23 15:03:13] [INFO]     [剪枝] Node 3 内存不足 (剩余 3G < 需求)
[2026-03-23 15:03:13] [INFO] [请求 41] 部署 Node 2 | AoI=37.85, Cost=10.0
[2026-03-23 15:03:13] [INFO]     [剪枝] Node 1 内存不足 (剩余 2G < 需求)
[2026-03-23 15:03:13] [INFO]     [评估] Node 2: Score=51.02 (AoI=41.02, Cost=10.0)
[2026-03-23 15:03:13] [INFO]     [剪枝] Node 3 内存不足 (剩余 3G < 需求)
[2026-03-23 15:03:13] [INFO] [请求 42] 部署 Node 2 | AoI=41.02, Cost=10.0
[2026-03-23 15:03:13] [INFO]     [评估] Node 1: Score=6.70 (AoI=3.70, Cost=3.0)
[2026-03-23 15:03:13] [INFO]     [剪枝] Node 2 内存不足 (剩余 0G < 需求)
[2026-03-23 15:03:13] [INFO]     [评估] Node 3: Score=17.80 (AoI=4.05, Cost=13.75)
[2026-03-23 15:03:13] [INFO] [请求 43] 部署 Node 1 | AoI=3.70, Cost=3.0
[2026-03-23 15:03:13] [INFO]     [剪枝] Node 1 内存不足 (剩余 2G < 需求)
[2026-03-23 15:03:13] [INFO]     [评估] Node 2: Score=55.24 (AoI=45.24, Cost=10.0)
[2026-03-23 15:03:13] [INFO]     [剪枝] Node 3 内存不足 (剩余 3G < 需求)
[2026-03-23 15:03:13] [INFO] [请求 44] 部署 Node 2 | AoI=45.24, Cost=10.0
[2026-03-23 15:03:13] [INFO]     [剪枝] Node 1 内存不足 (剩余 2G < 需求)
[2026-03-23 15:03:13] [INFO]     [评估] Node 2: Score=60.06 (AoI=50.06, Cost=10.0)
[2026-03-23 15:03:13] [INFO]     [剪枝] Node 3 内存不足 (剩余 3G < 需求)
[2026-03-23 15:03:13] [INFO] [请求 45] 部署 Node 2 | AoI=50.06, Cost=10.0
[2026-03-23 15:03:13] [INFO]     [剪枝] Node 1 内存不足 (剩余 2G < 需求)
[2026-03-23 15:03:13] [INFO]     [评估] Node 2: Score=57.43 (AoI=47.43, Cost=10.0)
[2026-03-23 15:03:13] [INFO]     [剪枝] Node 3 内存不足 (剩余 3G < 需求)
[2026-03-23 15:03:13] [INFO] [请求 46] 部署 Node 2 | AoI=47.43, Cost=10.0
[2026-03-23 15:03:13] [INFO]     [评估] Node 1: Score=6.70 (AoI=3.70, Cost=3.0)
[2026-03-23 15:03:13] [INFO]     [剪枝] Node 2 内存不足 (剩余 0G < 需求)
[2026-03-23 15:03:13] [INFO]     [评估] Node 3: Score=17.70 (AoI=3.95, Cost=13.75)
[2026-03-23 15:03:13] [INFO] [请求 47] 部署 Node 1 | AoI=3.70, Cost=3.0
[2026-03-23 15:03:13] [INFO]     [剪枝] Node 1 内存不足 (剩余 2G < 需求)
[2026-03-23 15:03:13] [INFO]     [评估] Node 2: Score=58.77 (AoI=48.77, Cost=10.0)
[2026-03-23 15:03:13] [INFO]     [剪枝] Node 3 内存不足 (剩余 3G < 需求)
[2026-03-23 15:03:13] [INFO] [请求 48] 部署 Node 2 | AoI=48.77, Cost=10.0
[2026-03-23 15:03:13] [INFO]     [评估] Node 1: Score=6.70 (AoI=3.70, Cost=3.0)
[2026-03-23 15:03:13] [INFO]     [剪枝] Node 2 内存不足 (剩余 0G < 需求)
[2026-03-23 15:03:13] [INFO]     [评估] Node 3: Score=17.70 (AoI=3.95, Cost=13.75)
[2026-03-23 15:03:13] [INFO] [请求 49] 部署 Node 1 | AoI=3.70, Cost=3.0
[2026-03-23 15:03:13] [INFO]     [评估] Node 1: Score=6.70 (AoI=3.70, Cost=3.0)
[2026-03-23 15:03:13] [INFO]     [剪枝] Node 2 内存不足 (剩余 0G < 需求)
[2026-03-23 15:03:13] [INFO]     [评估] Node 3: Score=17.80 (AoI=4.05, Cost=13.75)
[2026-03-23 15:03:13] [INFO] [请求 50] 部署 Node 1 | AoI=3.70, Cost=3.0
[2026-03-23 15:03:13] [INFO] 
仿真结束，正在生成对比可视化报表...
[2026-03-23 15:03:55] [INFO] 
========== 开始评测算法: Random Baseline ==========
[2026-03-23 15:03:55] [INFO] 初始化网络拓扑...
[2026-03-23 15:03:55] [INFO] 上行带宽淘汰 1
[2026-03-23 15:03:55] [INFO] [请求 1] 部署 Node 3 | AoI=3.95, Cost=3.75
[2026-03-23 15:03:55] [INFO] 内存淘汰 1
[2026-03-23 15:03:55] [INFO] 内存淘汰 3
[2026-03-23 15:03:55] [INFO] [请求 2] 部署 Node 2 | AoI=7.10, Cost=10.0
[2026-03-23 15:03:55] [INFO] 上行带宽淘汰 1
[2026-03-23 15:03:55] [INFO] 内存淘汰 2
[2026-03-23 15:03:55] [INFO] [请求 3] 部署 Node 3 | AoI=3.95, Cost=3.75
[2026-03-23 15:03:55] [INFO] 内存淘汰 1
[2026-03-23 15:03:55] [INFO] 内存淘汰 3
[2026-03-23 15:03:55] [INFO] [请求 4] 部署 Node 2 | AoI=9.78, Cost=10.0
[2026-03-23 15:03:55] [INFO] 内存淘汰 1
[2026-03-23 15:03:55] [INFO] 内存淘汰 3
[2026-03-23 15:03:55] [INFO] [请求 5] 部署 Node 2 | AoI=14.25, Cost=10.0
[2026-03-23 15:03:55] [INFO] 内存淘汰 1
[2026-03-23 15:03:55] [INFO] 内存淘汰 3
[2026-03-23 15:03:55] [INFO] [请求 6] 部署 Node 2 | AoI=16.73, Cost=10.0
[2026-03-23 15:03:55] [INFO] 内存淘汰 1
[2026-03-23 15:03:55] [INFO] 内存淘汰 3
[2026-03-23 15:03:55] [INFO] [请求 7] 部署 Node 2 | AoI=20.54, Cost=10.0
[2026-03-23 15:03:55] [INFO] 上行带宽淘汰 1
[2026-03-23 15:03:55] [INFO] 内存淘汰 2
[2026-03-23 15:03:55] [INFO] [请求 8] 部署 Node 3 | AoI=3.95, Cost=3.75
[2026-03-23 15:03:55] [INFO] 内存淘汰 1
[2026-03-23 15:03:55] [INFO] 内存淘汰 3
[2026-03-23 15:03:55] [INFO] [请求 9] 部署 Node 2 | AoI=21.86, Cost=10.0
[2026-03-23 15:03:55] [INFO] 内存淘汰 1
[2026-03-23 15:03:55] [INFO] 内存淘汰 3
[2026-03-23 15:03:55] [INFO] [请求 10] 部署 Node 2 | AoI=20.56, Cost=10.0
[2026-03-23 15:03:55] [INFO] 上行带宽淘汰 1
[2026-03-23 15:03:55] [INFO] 内存淘汰 2
[2026-03-23 15:03:55] [INFO] [请求 11] 部署 Node 3 | AoI=3.95, Cost=3.75
[2026-03-23 15:03:55] [INFO] 内存淘汰 1
[2026-03-23 15:03:55] [INFO] 内存淘汰 3
[2026-03-23 15:03:55] [INFO] [请求 12] 部署 Node 2 | AoI=21.60, Cost=10.0
[2026-03-23 15:03:55] [INFO] 上行带宽淘汰 1
[2026-03-23 15:03:55] [INFO] 内存淘汰 2
[2026-03-23 15:03:55] [INFO] [请求 13] 部署 Node 3 | AoI=3.95, Cost=3.75
[2026-03-23 15:03:55] [INFO] 上行带宽淘汰 1
[2026-03-23 15:03:55] [INFO] 内存淘汰 2
[2026-03-23 15:03:55] [INFO] [请求 14] 部署 Node 3 | AoI=5.14, Cost=3.75
[2026-03-23 15:03:55] [INFO] 内存淘汰 1
[2026-03-23 15:03:55] [INFO] 内存淘汰 3
[2026-03-23 15:03:55] [INFO] [请求 15] 部署 Node 2 | AoI=22.10, Cost=10.0
[2026-03-23 15:03:55] [INFO] 内存淘汰 1
[2026-03-23 15:03:55] [INFO] 内存淘汰 3
[2026-03-23 15:03:55] [INFO] [请求 16] 部署 Node 2 | AoI=24.93, Cost=10.0
[2026-03-23 15:03:55] [INFO] 上行带宽淘汰 1
[2026-03-23 15:03:55] [INFO] 内存淘汰 2
[2026-03-23 15:03:55] [INFO] [请求 17] 部署 Node 3 | AoI=3.95, Cost=3.75
[2026-03-23 15:03:55] [INFO] 内存淘汰 1
[2026-03-23 15:03:55] [INFO] 内存淘汰 3
[2026-03-23 15:03:55] [INFO] [请求 18] 部署 Node 2 | AoI=25.42, Cost=10.0
[2026-03-23 15:03:55] [INFO] 上行带宽淘汰 1
[2026-03-23 15:03:55] [INFO] 内存淘汰 2
[2026-03-23 15:03:55] [INFO] [请求 19] 部署 Node 3 | AoI=3.95, Cost=3.75
[2026-03-23 15:03:55] [INFO] 内存淘汰 1
[2026-03-23 15:03:55] [INFO] 内存淘汰 3
[2026-03-23 15:03:55] [INFO] [请求 20] 部署 Node 2 | AoI=27.07, Cost=10.0
[2026-03-23 15:03:55] [INFO] 内存淘汰 1
[2026-03-23 15:03:55] [INFO] 内存淘汰 3
[2026-03-23 15:03:55] [INFO] [请求 21] 部署 Node 2 | AoI=30.54, Cost=10.0
[2026-03-23 15:03:55] [INFO] 内存淘汰 1
[2026-03-23 15:03:55] [INFO] 内存淘汰 3
[2026-03-23 15:03:55] [INFO] [请求 22] 部署 Node 2 | AoI=34.30, Cost=10.0
[2026-03-23 15:03:55] [INFO] 内存淘汰 1
[2026-03-23 15:03:55] [INFO] 内存淘汰 3
[2026-03-23 15:03:55] [INFO] [请求 23] 部署 Node 2 | AoI=36.99, Cost=10.0
[2026-03-23 15:03:55] [INFO] 上行带宽淘汰 1
[2026-03-23 15:03:55] [INFO] 内存淘汰 2
[2026-03-23 15:03:55] [INFO] [请求 24] 部署 Node 3 | AoI=4.05, Cost=3.75
[2026-03-23 15:03:55] [INFO] 上行带宽淘汰 1
[2026-03-23 15:03:55] [INFO] 内存淘汰 2
[2026-03-23 15:03:55] [INFO] [请求 25] 部署 Node 3 | AoI=4.58, Cost=3.75
[2026-03-23 15:03:55] [INFO] 上行带宽淘汰 1
[2026-03-23 15:03:55] [INFO] 内存淘汰 2
[2026-03-23 15:03:55] [INFO] [请求 26] 部署 Node 3 | AoI=5.45, Cost=3.75
[2026-03-23 15:03:55] [INFO] 内存淘汰 1
[2026-03-23 15:03:55] [INFO] 内存淘汰 3
[2026-03-23 15:03:55] [INFO] [请求 27] 部署 Node 2 | AoI=33.12, Cost=10.0
[2026-03-23 15:03:55] [INFO] 上行带宽淘汰 1
[2026-03-23 15:03:55] [INFO] 内存淘汰 2
[2026-03-23 15:03:55] [INFO] [请求 28] 部署 Node 3 | AoI=3.95, Cost=3.75
[2026-03-23 15:03:55] [INFO] 上行带宽淘汰 1
[2026-03-23 15:03:55] [INFO] 内存淘汰 2
[2026-03-23 15:03:55] [INFO] [请求 29] 部署 Node 3 | AoI=4.05, Cost=3.75
[2026-03-23 15:03:55] [INFO] 上行带宽淘汰 1
[2026-03-23 15:03:55] [INFO] 内存淘汰 2
[2026-03-23 15:03:55] [INFO] [请求 30] 部署 Node 3 | AoI=4.30, Cost=3.75
[2026-03-23 15:03:55] [INFO] 内存淘汰 1
[2026-03-23 15:03:55] [INFO] 内存淘汰 3
[2026-03-23 15:03:55] [INFO] [请求 31] 部署 Node 2 | AoI=33.67, Cost=10.0
[2026-03-23 15:03:55] [INFO] 上行带宽淘汰 1
[2026-03-23 15:03:55] [INFO] 内存淘汰 2
[2026-03-23 15:03:55] [INFO] [请求 32] 部署 Node 3 | AoI=5.03, Cost=3.75
[2026-03-23 15:03:55] [INFO] 上行带宽淘汰 1
[2026-03-23 15:03:55] [INFO] 内存淘汰 2
[2026-03-23 15:03:55] [INFO] [请求 33] 部署 Node 3 | AoI=4.56, Cost=3.75
[2026-03-23 15:03:55] [INFO] 上行带宽淘汰 1
[2026-03-23 15:03:55] [INFO] 内存淘汰 2
[2026-03-23 15:03:55] [INFO] [请求 34] 部署 Node 3 | AoI=4.05, Cost=3.75
[2026-03-23 15:03:55] [INFO] 内存淘汰 1
[2026-03-23 15:03:55] [INFO] 内存淘汰 3
[2026-03-23 15:03:55] [INFO] [请求 35] 部署 Node 2 | AoI=27.62, Cost=10.0
[2026-03-23 15:03:55] [INFO] 上行带宽淘汰 1
[2026-03-23 15:03:55] [INFO] 内存淘汰 2
[2026-03-23 15:03:55] [INFO] [请求 36] 部署 Node 3 | AoI=4.05, Cost=3.75
[2026-03-23 15:03:55] [INFO] 内存淘汰 1
[2026-03-23 15:03:55] [INFO] 内存淘汰 3
[2026-03-23 15:03:55] [INFO] [请求 37] 部署 Node 2 | AoI=30.10, Cost=10.0
[2026-03-23 15:03:55] [INFO] 内存淘汰 1
[2026-03-23 15:03:55] [INFO] 内存淘汰 3
[2026-03-23 15:03:55] [INFO] [请求 38] 部署 Node 2 | AoI=33.89, Cost=10.0
[2026-03-23 15:03:55] [INFO] 上行带宽淘汰 1
[2026-03-23 15:03:55] [INFO] 内存淘汰 2
[2026-03-23 15:03:55] [INFO] [请求 39] 部署 Node 3 | AoI=3.95, Cost=3.75
[2026-03-23 15:03:55] [INFO] 内存淘汰 1
[2026-03-23 15:03:55] [INFO] 内存淘汰 3
[2026-03-23 15:03:55] [INFO] [请求 40] 部署 Node 2 | AoI=33.79, Cost=10.0
[2026-03-23 15:03:55] [INFO] 内存淘汰 1
[2026-03-23 15:03:55] [INFO] 内存淘汰 3
[2026-03-23 15:03:55] [INFO] [请求 41] 部署 Node 2 | AoI=37.85, Cost=10.0
[2026-03-23 15:03:55] [INFO] 内存淘汰 1
[2026-03-23 15:03:55] [INFO] 内存淘汰 3
[2026-03-23 15:03:55] [INFO] [请求 42] 部署 Node 2 | AoI=41.02, Cost=10.0
[2026-03-23 15:03:55] [INFO] 上行带宽淘汰 1
[2026-03-23 15:03:55] [INFO] 内存淘汰 2
[2026-03-23 15:03:55] [INFO] [请求 43] 部署 Node 3 | AoI=4.05, Cost=3.75
[2026-03-23 15:03:55] [INFO] 内存淘汰 1
[2026-03-23 15:03:55] [INFO] 内存淘汰 3
[2026-03-23 15:03:55] [INFO] [请求 44] 部署 Node 2 | AoI=45.24, Cost=10.0
[2026-03-23 15:03:55] [INFO] 内存淘汰 1
[2026-03-23 15:03:55] [INFO] 内存淘汰 3
[2026-03-23 15:03:55] [INFO] [请求 45] 部署 Node 2 | AoI=50.06, Cost=10.0
[2026-03-23 15:03:55] [INFO] 内存淘汰 1
[2026-03-23 15:03:55] [INFO] 内存淘汰 3
[2026-03-23 15:03:55] [INFO] [请求 46] 部署 Node 2 | AoI=47.43, Cost=10.0
[2026-03-23 15:03:55] [INFO] 上行带宽淘汰 1
[2026-03-23 15:03:55] [INFO] 内存淘汰 2
[2026-03-23 15:03:55] [INFO] [请求 47] 部署 Node 3 | AoI=3.95, Cost=3.75
[2026-03-23 15:03:55] [INFO] 内存淘汰 1
[2026-03-23 15:03:55] [INFO] 内存淘汰 3
[2026-03-23 15:03:55] [INFO] [请求 48] 部署 Node 2 | AoI=48.77, Cost=10.0
[2026-03-23 15:03:55] [INFO] 上行带宽淘汰 1
[2026-03-23 15:03:55] [INFO] 内存淘汰 2
[2026-03-23 15:03:55] [INFO] [请求 49] 部署 Node 3 | AoI=3.95, Cost=3.75
[2026-03-23 15:03:55] [INFO] 上行带宽淘汰 1
[2026-03-23 15:03:55] [INFO] 内存淘汰 2
[2026-03-23 15:03:55] [INFO] [请求 50] 部署 Node 3 | AoI=4.28, Cost=3.75
[2026-03-23 15:03:55] [INFO] 
========== 开始评测算法: Greedy Best ==========
[2026-03-23 15:03:55] [INFO] 初始化网络拓扑...
[2026-03-23 15:03:55] [INFO]     [剪枝] Node 1 带宽不足 (当前 1M < 需求 2.0M)
[2026-03-23 15:03:55] [INFO]     [评估] Node 2: Score=8.70 (AoI=4.70, Cost=4.0)
[2026-03-23 15:03:55] [INFO]     [评估] Node 3: Score=7.70 (AoI=3.95, Cost=3.75)
[2026-03-23 15:03:55] [INFO] [请求 1] 部署 Node 3 | AoI=3.95, Cost=3.75
[2026-03-23 15:03:55] [INFO]     [剪枝] Node 1 内存不足 (剩余 4G < 需求)
[2026-03-23 15:03:55] [INFO]     [评估] Node 2: Score=17.10 (AoI=7.10, Cost=10.0)
[2026-03-23 15:03:55] [INFO]     [剪枝] Node 3 内存不足 (剩余 1G < 需求)
[2026-03-23 15:03:55] [INFO] [请求 2] 部署 Node 2 | AoI=7.10, Cost=10.0
[2026-03-23 15:03:55] [INFO]     [剪枝] Node 1 带宽不足 (当前 1M < 需求 2.0M)
[2026-03-23 15:03:55] [INFO]     [剪枝] Node 2 内存不足 (剩余 0G < 需求)
[2026-03-23 15:03:55] [INFO]     [评估] Node 3: Score=7.70 (AoI=3.95, Cost=3.75)
[2026-03-23 15:03:55] [INFO] [请求 3] 部署 Node 3 | AoI=3.95, Cost=3.75
[2026-03-23 15:03:55] [INFO]     [剪枝] Node 1 内存不足 (剩余 4G < 需求)
[2026-03-23 15:03:55] [INFO]     [评估] Node 2: Score=19.78 (AoI=9.78, Cost=10.0)
[2026-03-23 15:03:55] [INFO]     [剪枝] Node 3 内存不足 (剩余 1G < 需求)
[2026-03-23 15:03:55] [INFO] [请求 4] 部署 Node 2 | AoI=9.78, Cost=10.0
[2026-03-23 15:03:55] [INFO]     [剪枝] Node 1 内存不足 (剩余 4G < 需求)
[2026-03-23 15:03:55] [INFO]     [评估] Node 2: Score=24.25 (AoI=14.25, Cost=10.0)
[2026-03-23 15:03:55] [INFO]     [剪枝] Node 3 内存不足 (剩余 1G < 需求)
[2026-03-23 15:03:55] [INFO] [请求 5] 部署 Node 2 | AoI=14.25, Cost=10.0
[2026-03-23 15:03:55] [INFO]     [剪枝] Node 1 内存不足 (剩余 4G < 需求)
[2026-03-23 15:03:55] [INFO]     [评估] Node 2: Score=26.73 (AoI=16.73, Cost=10.0)
[2026-03-23 15:03:55] [INFO]     [剪枝] Node 3 内存不足 (剩余 1G < 需求)
[2026-03-23 15:03:55] [INFO] [请求 6] 部署 Node 2 | AoI=16.73, Cost=10.0
[2026-03-23 15:03:55] [INFO]     [剪枝] Node 1 内存不足 (剩余 4G < 需求)
[2026-03-23 15:03:55] [INFO]     [评估] Node 2: Score=30.54 (AoI=20.54, Cost=10.0)
[2026-03-23 15:03:55] [INFO]     [剪枝] Node 3 内存不足 (剩余 1G < 需求)
[2026-03-23 15:03:55] [INFO] [请求 7] 部署 Node 2 | AoI=20.54, Cost=10.0
[2026-03-23 15:03:55] [INFO]     [剪枝] Node 1 带宽不足 (当前 1M < 需求 2.0M)
[2026-03-23 15:03:55] [INFO]     [剪枝] Node 2 内存不足 (剩余 0G < 需求)
[2026-03-23 15:03:55] [INFO]     [评估] Node 3: Score=7.70 (AoI=3.95, Cost=3.75)
[2026-03-23 15:03:55] [INFO] [请求 8] 部署 Node 3 | AoI=3.95, Cost=3.75
[2026-03-23 15:03:55] [INFO]     [剪枝] Node 1 内存不足 (剩余 4G < 需求)
[2026-03-23 15:03:55] [INFO]     [评估] Node 2: Score=31.86 (AoI=21.86, Cost=10.0)
[2026-03-23 15:03:55] [INFO]     [剪枝] Node 3 内存不足 (剩余 1G < 需求)
[2026-03-23 15:03:55] [INFO] [请求 9] 部署 Node 2 | AoI=21.86, Cost=10.0
[2026-03-23 15:03:55] [INFO]     [剪枝] Node 1 内存不足 (剩余 4G < 需求)
[2026-03-23 15:03:55] [INFO]     [评估] Node 2: Score=30.56 (AoI=20.56, Cost=10.0)
[2026-03-23 15:03:55] [INFO]     [剪枝] Node 3 内存不足 (剩余 1G < 需求)
[2026-03-23 15:03:55] [INFO] [请求 10] 部署 Node 2 | AoI=20.56, Cost=10.0
[2026-03-23 15:03:55] [INFO]     [剪枝] Node 1 带宽不足 (当前 1M < 需求 2.0M)
[2026-03-23 15:03:55] [INFO]     [剪枝] Node 2 内存不足 (剩余 0G < 需求)
[2026-03-23 15:03:55] [INFO]     [评估] Node 3: Score=7.70 (AoI=3.95, Cost=3.75)
[2026-03-23 15:03:55] [INFO] [请求 11] 部署 Node 3 | AoI=3.95, Cost=3.75
[2026-03-23 15:03:55] [INFO]     [剪枝] Node 1 内存不足 (剩余 4G < 需求)
[2026-03-23 15:03:55] [INFO]     [评估] Node 2: Score=31.60 (AoI=21.60, Cost=10.0)
[2026-03-23 15:03:55] [INFO]     [剪枝] Node 3 内存不足 (剩余 1G < 需求)
[2026-03-23 15:03:55] [INFO] [请求 12] 部署 Node 2 | AoI=21.60, Cost=10.0
[2026-03-23 15:03:55] [INFO]     [剪枝] Node 1 带宽不足 (当前 1M < 需求 2.0M)
[2026-03-23 15:03:55] [INFO]     [剪枝] Node 2 内存不足 (剩余 0G < 需求)
[2026-03-23 15:03:55] [INFO]     [评估] Node 3: Score=7.70 (AoI=3.95, Cost=3.75)
[2026-03-23 15:03:55] [INFO] [请求 13] 部署 Node 3 | AoI=3.95, Cost=3.75
[2026-03-23 15:03:55] [INFO]     [剪枝] Node 1 带宽不足 (当前 1M < 需求 2.0M)
[2026-03-23 15:03:55] [INFO]     [剪枝] Node 2 内存不足 (剩余 0G < 需求)
[2026-03-23 15:03:55] [INFO]     [评估] Node 3: Score=8.89 (AoI=5.14, Cost=3.75)
[2026-03-23 15:03:55] [INFO] [请求 14] 部署 Node 3 | AoI=5.14, Cost=3.75
[2026-03-23 15:03:55] [INFO]     [剪枝] Node 1 内存不足 (剩余 4G < 需求)
[2026-03-23 15:03:55] [INFO]     [评估] Node 2: Score=32.10 (AoI=22.10, Cost=10.0)
[2026-03-23 15:03:55] [INFO]     [剪枝] Node 3 内存不足 (剩余 1G < 需求)
[2026-03-23 15:03:55] [INFO] [请求 15] 部署 Node 2 | AoI=22.10, Cost=10.0
[2026-03-23 15:03:55] [INFO]     [剪枝] Node 1 内存不足 (剩余 4G < 需求)
[2026-03-23 15:03:55] [INFO]     [评估] Node 2: Score=34.93 (AoI=24.93, Cost=10.0)
[2026-03-23 15:03:55] [INFO]     [剪枝] Node 3 内存不足 (剩余 1G < 需求)
[2026-03-23 15:03:55] [INFO] [请求 16] 部署 Node 2 | AoI=24.93, Cost=10.0
[2026-03-23 15:03:55] [INFO]     [剪枝] Node 1 带宽不足 (当前 1M < 需求 2.0M)
[2026-03-23 15:03:55] [INFO]     [剪枝] Node 2 内存不足 (剩余 0G < 需求)
[2026-03-23 15:03:55] [INFO]     [评估] Node 3: Score=7.70 (AoI=3.95, Cost=3.75)
[2026-03-23 15:03:55] [INFO] [请求 17] 部署 Node 3 | AoI=3.95, Cost=3.75
[2026-03-23 15:03:55] [INFO]     [剪枝] Node 1 内存不足 (剩余 4G < 需求)
[2026-03-23 15:03:55] [INFO]     [评估] Node 2: Score=35.42 (AoI=25.42, Cost=10.0)
[2026-03-23 15:03:55] [INFO]     [剪枝] Node 3 内存不足 (剩余 1G < 需求)
[2026-03-23 15:03:55] [INFO] [请求 18] 部署 Node 2 | AoI=25.42, Cost=10.0
[2026-03-23 15:03:55] [INFO]     [剪枝] Node 1 带宽不足 (当前 1M < 需求 2.0M)
[2026-03-23 15:03:55] [INFO]     [剪枝] Node 2 内存不足 (剩余 0G < 需求)
[2026-03-23 15:03:55] [INFO]     [评估] Node 3: Score=7.70 (AoI=3.95, Cost=3.75)
[2026-03-23 15:03:55] [INFO] [请求 19] 部署 Node 3 | AoI=3.95, Cost=3.75
[2026-03-23 15:03:55] [INFO]     [剪枝] Node 1 内存不足 (剩余 4G < 需求)
[2026-03-23 15:03:55] [INFO]     [评估] Node 2: Score=37.07 (AoI=27.07, Cost=10.0)
[2026-03-23 15:03:55] [INFO]     [剪枝] Node 3 内存不足 (剩余 1G < 需求)
[2026-03-23 15:03:55] [INFO] [请求 20] 部署 Node 2 | AoI=27.07, Cost=10.0
[2026-03-23 15:03:55] [INFO]     [剪枝] Node 1 内存不足 (剩余 4G < 需求)
[2026-03-23 15:03:55] [INFO]     [评估] Node 2: Score=40.54 (AoI=30.54, Cost=10.0)
[2026-03-23 15:03:55] [INFO]     [剪枝] Node 3 内存不足 (剩余 1G < 需求)
[2026-03-23 15:03:55] [INFO] [请求 21] 部署 Node 2 | AoI=30.54, Cost=10.0
[2026-03-23 15:03:55] [INFO]     [剪枝] Node 1 内存不足 (剩余 4G < 需求)
[2026-03-23 15:03:55] [INFO]     [评估] Node 2: Score=44.30 (AoI=34.30, Cost=10.0)
[2026-03-23 15:03:55] [INFO]     [剪枝] Node 3 内存不足 (剩余 1G < 需求)
[2026-03-23 15:03:55] [INFO] [请求 22] 部署 Node 2 | AoI=34.30, Cost=10.0
[2026-03-23 15:03:55] [INFO]     [剪枝] Node 1 内存不足 (剩余 4G < 需求)
[2026-03-23 15:03:55] [INFO]     [评估] Node 2: Score=46.99 (AoI=36.99, Cost=10.0)
[2026-03-23 15:03:55] [INFO]     [剪枝] Node 3 内存不足 (剩余 1G < 需求)
[2026-03-23 15:03:55] [INFO] [请求 23] 部署 Node 2 | AoI=36.99, Cost=10.0
[2026-03-23 15:03:55] [INFO]     [剪枝] Node 1 带宽不足 (当前 1M < 需求 2.0M)
[2026-03-23 15:03:55] [INFO]     [剪枝] Node 2 内存不足 (剩余 0G < 需求)
[2026-03-23 15:03:55] [INFO]     [评估] Node 3: Score=7.80 (AoI=4.05, Cost=3.75)
[2026-03-23 15:03:55] [INFO] [请求 24] 部署 Node 3 | AoI=4.05, Cost=3.75
[2026-03-23 15:03:55] [INFO]     [剪枝] Node 1 带宽不足 (当前 1M < 需求 2.0M)
[2026-03-23 15:03:55] [INFO]     [剪枝] Node 2 内存不足 (剩余 0G < 需求)
[2026-03-23 15:03:55] [INFO]     [评估] Node 3: Score=8.33 (AoI=4.58, Cost=3.75)
[2026-03-23 15:03:55] [INFO] [请求 25] 部署 Node 3 | AoI=4.58, Cost=3.75
[2026-03-23 15:03:55] [INFO]     [剪枝] Node 1 带宽不足 (当前 1M < 需求 2.0M)
[2026-03-23 15:03:55] [INFO]     [剪枝] Node 2 内存不足 (剩余 0G < 需求)
[2026-03-23 15:03:55] [INFO]     [评估] Node 3: Score=9.20 (AoI=5.45, Cost=3.75)
[2026-03-23 15:03:55] [INFO] [请求 26] 部署 Node 3 | AoI=5.45, Cost=3.75
[2026-03-23 15:03:55] [INFO]     [剪枝] Node 1 内存不足 (剩余 4G < 需求)
[2026-03-23 15:03:55] [INFO]     [评估] Node 2: Score=43.12 (AoI=33.12, Cost=10.0)
[2026-03-23 15:03:55] [INFO]     [剪枝] Node 3 内存不足 (剩余 1G < 需求)
[2026-03-23 15:03:55] [INFO] [请求 27] 部署 Node 2 | AoI=33.12, Cost=10.0
[2026-03-23 15:03:55] [INFO]     [剪枝] Node 1 带宽不足 (当前 1M < 需求 2.0M)
[2026-03-23 15:03:55] [INFO]     [剪枝] Node 2 内存不足 (剩余 0G < 需求)
[2026-03-23 15:03:55] [INFO]     [评估] Node 3: Score=7.70 (AoI=3.95, Cost=3.75)
[2026-03-23 15:03:55] [INFO] [请求 28] 部署 Node 3 | AoI=3.95, Cost=3.75
[2026-03-23 15:03:55] [INFO]     [剪枝] Node 1 带宽不足 (当前 1M < 需求 2.0M)
[2026-03-23 15:03:55] [INFO]     [剪枝] Node 2 内存不足 (剩余 0G < 需求)
[2026-03-23 15:03:55] [INFO]     [评估] Node 3: Score=7.80 (AoI=4.05, Cost=3.75)
[2026-03-23 15:03:55] [INFO] [请求 29] 部署 Node 3 | AoI=4.05, Cost=3.75
[2026-03-23 15:03:55] [INFO]     [剪枝] Node 1 带宽不足 (当前 1M < 需求 2.0M)
[2026-03-23 15:03:55] [INFO]     [剪枝] Node 2 内存不足 (剩余 0G < 需求)
[2026-03-23 15:03:55] [INFO]     [评估] Node 3: Score=8.05 (AoI=4.30, Cost=3.75)
[2026-03-23 15:03:55] [INFO] [请求 30] 部署 Node 3 | AoI=4.30, Cost=3.75
[2026-03-23 15:03:55] [INFO]     [剪枝] Node 1 内存不足 (剩余 4G < 需求)
[2026-03-23 15:03:55] [INFO]     [评估] Node 2: Score=43.67 (AoI=33.67, Cost=10.0)
[2026-03-23 15:03:55] [INFO]     [剪枝] Node 3 内存不足 (剩余 1G < 需求)
[2026-03-23 15:03:55] [INFO] [请求 31] 部署 Node 2 | AoI=33.67, Cost=10.0
[2026-03-23 15:03:55] [INFO]     [剪枝] Node 1 带宽不足 (当前 1M < 需求 2.0M)
[2026-03-23 15:03:55] [INFO]     [剪枝] Node 2 内存不足 (剩余 0G < 需求)
[2026-03-23 15:03:55] [INFO]     [评估] Node 3: Score=8.78 (AoI=5.03, Cost=3.75)
[2026-03-23 15:03:55] [INFO] [请求 32] 部署 Node 3 | AoI=5.03, Cost=3.75
[2026-03-23 15:03:55] [INFO]     [剪枝] Node 1 带宽不足 (当前 1M < 需求 2.0M)
[2026-03-23 15:03:55] [INFO]     [剪枝] Node 2 内存不足 (剩余 0G < 需求)
[2026-03-23 15:03:55] [INFO]     [评估] Node 3: Score=8.31 (AoI=4.56, Cost=3.75)
[2026-03-23 15:03:55] [INFO] [请求 33] 部署 Node 3 | AoI=4.56, Cost=3.75
[2026-03-23 15:03:55] [INFO]     [剪枝] Node 1 带宽不足 (当前 1M < 需求 2.0M)
[2026-03-23 15:03:55] [INFO]     [剪枝] Node 2 内存不足 (剩余 0G < 需求)
[2026-03-23 15:03:55] [INFO]     [评估] Node 3: Score=7.80 (AoI=4.05, Cost=3.75)
[2026-03-23 15:03:55] [INFO] [请求 34] 部署 Node 3 | AoI=4.05, Cost=3.75
[2026-03-23 15:03:55] [INFO]     [剪枝] Node 1 内存不足 (剩余 4G < 需求)
[2026-03-23 15:03:55] [INFO]     [评估] Node 2: Score=37.62 (AoI=27.62, Cost=10.0)
[2026-03-23 15:03:55] [INFO]     [剪枝] Node 3 内存不足 (剩余 1G < 需求)
[2026-03-23 15:03:55] [INFO] [请求 35] 部署 Node 2 | AoI=27.62, Cost=10.0
[2026-03-23 15:03:55] [INFO]     [剪枝] Node 1 带宽不足 (当前 1M < 需求 2.0M)
[2026-03-23 15:03:55] [INFO]     [剪枝] Node 2 内存不足 (剩余 0G < 需求)
[2026-03-23 15:03:55] [INFO]     [评估] Node 3: Score=7.80 (AoI=4.05, Cost=3.75)
[2026-03-23 15:03:55] [INFO] [请求 36] 部署 Node 3 | AoI=4.05, Cost=3.75
[2026-03-23 15:03:55] [INFO]     [剪枝] Node 1 内存不足 (剩余 4G < 需求)
[2026-03-23 15:03:55] [INFO]     [评估] Node 2: Score=40.10 (AoI=30.10, Cost=10.0)
[2026-03-23 15:03:55] [INFO]     [剪枝] Node 3 内存不足 (剩余 1G < 需求)
[2026-03-23 15:03:55] [INFO] [请求 37] 部署 Node 2 | AoI=30.10, Cost=10.0
[2026-03-23 15:03:55] [INFO]     [剪枝] Node 1 内存不足 (剩余 4G < 需求)
[2026-03-23 15:03:55] [INFO]     [评估] Node 2: Score=43.89 (AoI=33.89, Cost=10.0)
[2026-03-23 15:03:55] [INFO]     [剪枝] Node 3 内存不足 (剩余 1G < 需求)
[2026-03-23 15:03:55] [INFO] [请求 38] 部署 Node 2 | AoI=33.89, Cost=10.0
[2026-03-23 15:03:55] [INFO]     [剪枝] Node 1 带宽不足 (当前 1M < 需求 2.0M)
[2026-03-23 15:03:55] [INFO]     [剪枝] Node 2 内存不足 (剩余 0G < 需求)
[2026-03-23 15:03:55] [INFO]     [评估] Node 3: Score=7.70 (AoI=3.95, Cost=3.75)
[2026-03-23 15:03:55] [INFO] [请求 39] 部署 Node 3 | AoI=3.95, Cost=3.75
[2026-03-23 15:03:55] [INFO]     [剪枝] Node 1 内存不足 (剩余 4G < 需求)
[2026-03-23 15:03:55] [INFO]     [评估] Node 2: Score=43.79 (AoI=33.79, Cost=10.0)
[2026-03-23 15:03:55] [INFO]     [剪枝] Node 3 内存不足 (剩余 1G < 需求)
[2026-03-23 15:03:55] [INFO] [请求 40] 部署 Node 2 | AoI=33.79, Cost=10.0
[2026-03-23 15:03:55] [INFO]     [剪枝] Node 1 内存不足 (剩余 4G < 需求)
[2026-03-23 15:03:55] [INFO]     [评估] Node 2: Score=47.85 (AoI=37.85, Cost=10.0)
[2026-03-23 15:03:55] [INFO]     [剪枝] Node 3 内存不足 (剩余 1G < 需求)
[2026-03-23 15:03:55] [INFO] [请求 41] 部署 Node 2 | AoI=37.85, Cost=10.0
[2026-03-23 15:03:55] [INFO]     [剪枝] Node 1 内存不足 (剩余 4G < 需求)
[2026-03-23 15:03:55] [INFO]     [评估] Node 2: Score=51.02 (AoI=41.02, Cost=10.0)
[2026-03-23 15:03:55] [INFO]     [剪枝] Node 3 内存不足 (剩余 1G < 需求)
[2026-03-23 15:03:55] [INFO] [请求 42] 部署 Node 2 | AoI=41.02, Cost=10.0
[2026-03-23 15:03:55] [INFO]     [剪枝] Node 1 带宽不足 (当前 1M < 需求 2.0M)
[2026-03-23 15:03:55] [INFO]     [剪枝] Node 2 内存不足 (剩余 0G < 需求)
[2026-03-23 15:03:55] [INFO]     [评估] Node 3: Score=7.80 (AoI=4.05, Cost=3.75)
[2026-03-23 15:03:55] [INFO] [请求 43] 部署 Node 3 | AoI=4.05, Cost=3.75
[2026-03-23 15:03:55] [INFO]     [剪枝] Node 1 内存不足 (剩余 4G < 需求)
[2026-03-23 15:03:55] [INFO]     [评估] Node 2: Score=55.24 (AoI=45.24, Cost=10.0)
[2026-03-23 15:03:55] [INFO]     [剪枝] Node 3 内存不足 (剩余 1G < 需求)
[2026-03-23 15:03:55] [INFO] [请求 44] 部署 Node 2 | AoI=45.24, Cost=10.0
[2026-03-23 15:03:55] [INFO]     [剪枝] Node 1 内存不足 (剩余 4G < 需求)
[2026-03-23 15:03:55] [INFO]     [评估] Node 2: Score=60.06 (AoI=50.06, Cost=10.0)
[2026-03-23 15:03:55] [INFO]     [剪枝] Node 3 内存不足 (剩余 1G < 需求)
[2026-03-23 15:03:55] [INFO] [请求 45] 部署 Node 2 | AoI=50.06, Cost=10.0
[2026-03-23 15:03:55] [INFO]     [剪枝] Node 1 内存不足 (剩余 4G < 需求)
[2026-03-23 15:03:55] [INFO]     [评估] Node 2: Score=57.43 (AoI=47.43, Cost=10.0)
[2026-03-23 15:03:55] [INFO]     [剪枝] Node 3 内存不足 (剩余 1G < 需求)
[2026-03-23 15:03:55] [INFO] [请求 46] 部署 Node 2 | AoI=47.43, Cost=10.0
[2026-03-23 15:03:55] [INFO]     [剪枝] Node 1 带宽不足 (当前 1M < 需求 2.0M)
[2026-03-23 15:03:55] [INFO]     [剪枝] Node 2 内存不足 (剩余 0G < 需求)
[2026-03-23 15:03:55] [INFO]     [评估] Node 3: Score=7.70 (AoI=3.95, Cost=3.75)
[2026-03-23 15:03:55] [INFO] [请求 47] 部署 Node 3 | AoI=3.95, Cost=3.75
[2026-03-23 15:03:55] [INFO]     [剪枝] Node 1 内存不足 (剩余 4G < 需求)
[2026-03-23 15:03:55] [INFO]     [评估] Node 2: Score=58.77 (AoI=48.77, Cost=10.0)
[2026-03-23 15:03:55] [INFO]     [剪枝] Node 3 内存不足 (剩余 1G < 需求)
[2026-03-23 15:03:55] [INFO] [请求 48] 部署 Node 2 | AoI=48.77, Cost=10.0
[2026-03-23 15:03:55] [INFO]     [剪枝] Node 1 带宽不足 (当前 1M < 需求 2.0M)
[2026-03-23 15:03:55] [INFO]     [剪枝] Node 2 内存不足 (剩余 0G < 需求)
[2026-03-23 15:03:55] [INFO]     [评估] Node 3: Score=7.70 (AoI=3.95, Cost=3.75)
[2026-03-23 15:03:55] [INFO] [请求 49] 部署 Node 3 | AoI=3.95, Cost=3.75
[2026-03-23 15:03:55] [INFO]     [剪枝] Node 1 带宽不足 (当前 1M < 需求 2.0M)
[2026-03-23 15:03:55] [INFO]     [剪枝] Node 2 内存不足 (剩余 0G < 需求)
[2026-03-23 15:03:55] [INFO]     [评估] Node 3: Score=8.03 (AoI=4.28, Cost=3.75)
[2026-03-23 15:03:55] [INFO] [请求 50] 部署 Node 3 | AoI=4.28, Cost=3.75
[2026-03-23 15:03:55] [INFO] 
仿真结束，正在生成对比可视化报表...
[2026-03-23 15:14:41] [INFO] 
========== 开始评测算法: Random Baseline ==========
[2026-03-23 15:14:41] [INFO] 初始化网络拓扑...
[2026-03-23 15:14:41] [INFO] [请求 1] 部署 Node 3 | AoI=3.95, Cost=3.75
[2026-03-23 15:14:41] [INFO] 内存淘汰 1
[2026-03-23 15:14:41] [INFO] 内存淘汰 3
[2026-03-23 15:14:41] [INFO] [请求 2] 部署 Node 2 | AoI=7.10, Cost=10.0
[2026-03-23 15:14:41] [INFO] 内存淘汰 2
[2026-03-23 15:14:41] [INFO] [请求 3] 部署 Node 1 | AoI=3.70, Cost=13.0
[2026-03-23 15:14:41] [INFO] 内存淘汰 1
[2026-03-23 15:14:41] [INFO] 内存淘汰 3
[2026-03-23 15:14:41] [INFO] [请求 4] 部署 Node 2 | AoI=9.78, Cost=10.0
[2026-03-23 15:14:41] [INFO] 内存淘汰 1
[2026-03-23 15:14:41] [INFO] 内存淘汰 3
[2026-03-23 15:14:41] [INFO] [请求 5] 部署 Node 2 | AoI=14.25, Cost=10.0
[2026-03-23 15:14:41] [INFO] 内存淘汰 1
[2026-03-23 15:14:41] [INFO] 内存淘汰 3
[2026-03-23 15:14:41] [INFO] [请求 6] 部署 Node 2 | AoI=16.73, Cost=10.0
[2026-03-23 15:14:41] [INFO] 内存淘汰 1
[2026-03-23 15:14:41] [INFO] 内存淘汰 3
[2026-03-23 15:14:41] [INFO] [请求 7] 部署 Node 2 | AoI=20.54, Cost=10.0
[2026-03-23 15:14:41] [INFO] 内存淘汰 2
[2026-03-23 15:14:41] [INFO] [请求 8] 部署 Node 3 | AoI=3.95, Cost=13.75
[2026-03-23 15:14:41] [INFO] 内存淘汰 1
[2026-03-23 15:14:41] [INFO] 内存淘汰 3
[2026-03-23 15:14:41] [INFO] [请求 9] 部署 Node 2 | AoI=21.86, Cost=10.0
[2026-03-23 15:14:41] [INFO] 内存淘汰 1
[2026-03-23 15:14:41] [INFO] 内存淘汰 3
[2026-03-23 15:14:41] [INFO] [请求 10] 部署 Node 2 | AoI=20.56, Cost=10.0
[2026-03-23 15:14:41] [INFO] 内存淘汰 2
[2026-03-23 15:14:41] [INFO] [请求 11] 部署 Node 1 | AoI=3.70, Cost=13.0
[2026-03-23 15:14:41] [INFO] 内存淘汰 1
[2026-03-23 15:14:41] [INFO] 内存淘汰 3
[2026-03-23 15:14:41] [INFO] [请求 12] 部署 Node 2 | AoI=21.60, Cost=10.0
[2026-03-23 15:14:41] [INFO] 内存淘汰 2
[2026-03-23 15:14:41] [INFO] [请求 13] 部署 Node 3 | AoI=3.95, Cost=13.75
[2026-03-23 15:14:41] [INFO] 内存淘汰 2
[2026-03-23 15:14:41] [INFO] [请求 14] 部署 Node 3 | AoI=5.14, Cost=3.75
[2026-03-23 15:14:41] [INFO] 内存淘汰 1
[2026-03-23 15:14:41] [INFO] 内存淘汰 3
[2026-03-23 15:14:41] [INFO] [请求 15] 部署 Node 2 | AoI=22.10, Cost=10.0
[2026-03-23 15:14:41] [INFO] 内存淘汰 1
[2026-03-23 15:14:41] [INFO] 内存淘汰 3
[2026-03-23 15:14:41] [INFO] [请求 16] 部署 Node 2 | AoI=24.93, Cost=10.0
[2026-03-23 15:14:41] [INFO] 内存淘汰 2
[2026-03-23 15:14:41] [INFO] [请求 17] 部署 Node 3 | AoI=3.95, Cost=3.75
[2026-03-23 15:14:41] [INFO] 内存淘汰 1
[2026-03-23 15:14:41] [INFO] 内存淘汰 3
[2026-03-23 15:14:41] [INFO] [请求 18] 部署 Node 2 | AoI=25.42, Cost=10.0
[2026-03-23 15:14:41] [INFO] 内存淘汰 2
[2026-03-23 15:14:41] [INFO] [请求 19] 部署 Node 3 | AoI=3.95, Cost=3.75
[2026-03-23 15:14:41] [INFO] 内存淘汰 1
[2026-03-23 15:14:41] [INFO] 内存淘汰 3
[2026-03-23 15:14:41] [INFO] [请求 20] 部署 Node 2 | AoI=27.07, Cost=10.0
[2026-03-23 15:14:41] [INFO] 
========== 开始评测算法: Greedy Best ==========
[2026-03-23 15:14:41] [INFO] 初始化网络拓扑...
[2026-03-23 15:14:41] [INFO]     [评估] Node 1: Score=6.70 (AoI=3.70, Cost=3.0)
[2026-03-23 15:14:41] [INFO]     [评估] Node 2: Score=8.70 (AoI=4.70, Cost=4.0)
[2026-03-23 15:14:41] [INFO]     [评估] Node 3: Score=7.70 (AoI=3.95, Cost=3.75)
[2026-03-23 15:14:41] [INFO] [请求 1] 部署 Node 1 | AoI=3.70, Cost=3.0
[2026-03-23 15:14:41] [INFO]     [剪枝] Node 1 内存不足 (剩余 2G < 需求)
[2026-03-23 15:14:41] [INFO]     [评估] Node 2: Score=17.10 (AoI=7.10, Cost=10.0)
[2026-03-23 15:14:41] [INFO]     [剪枝] Node 3 内存不足 (剩余 3G < 需求)
[2026-03-23 15:14:41] [INFO] [请求 2] 部署 Node 2 | AoI=7.10, Cost=10.0
[2026-03-23 15:14:41] [INFO]     [评估] Node 1: Score=6.70 (AoI=3.70, Cost=3.0)
[2026-03-23 15:14:41] [INFO]     [剪枝] Node 2 内存不足 (剩余 0G < 需求)
[2026-03-23 15:14:41] [INFO]     [评估] Node 3: Score=17.70 (AoI=3.95, Cost=13.75)
[2026-03-23 15:14:41] [INFO] [请求 3] 部署 Node 1 | AoI=3.70, Cost=3.0
[2026-03-23 15:14:41] [INFO]     [剪枝] Node 1 内存不足 (剩余 2G < 需求)
[2026-03-23 15:14:41] [INFO]     [评估] Node 2: Score=19.78 (AoI=9.78, Cost=10.0)
[2026-03-23 15:14:41] [INFO]     [剪枝] Node 3 内存不足 (剩余 3G < 需求)
[2026-03-23 15:14:41] [INFO] [请求 4] 部署 Node 2 | AoI=9.78, Cost=10.0
[2026-03-23 15:14:41] [INFO]     [剪枝] Node 1 内存不足 (剩余 2G < 需求)
[2026-03-23 15:14:41] [INFO]     [评估] Node 2: Score=24.25 (AoI=14.25, Cost=10.0)
[2026-03-23 15:14:41] [INFO]     [剪枝] Node 3 内存不足 (剩余 3G < 需求)
[2026-03-23 15:14:41] [INFO] [请求 5] 部署 Node 2 | AoI=14.25, Cost=10.0
[2026-03-23 15:14:41] [INFO]     [剪枝] Node 1 内存不足 (剩余 2G < 需求)
[2026-03-23 15:14:41] [INFO]     [评估] Node 2: Score=26.73 (AoI=16.73, Cost=10.0)
[2026-03-23 15:14:41] [INFO]     [剪枝] Node 3 内存不足 (剩余 3G < 需求)
[2026-03-23 15:14:41] [INFO] [请求 6] 部署 Node 2 | AoI=16.73, Cost=10.0
[2026-03-23 15:14:41] [INFO]     [剪枝] Node 1 内存不足 (剩余 2G < 需求)
[2026-03-23 15:14:41] [INFO]     [评估] Node 2: Score=30.54 (AoI=20.54, Cost=10.0)
[2026-03-23 15:14:41] [INFO]     [剪枝] Node 3 内存不足 (剩余 3G < 需求)
[2026-03-23 15:14:41] [INFO] [请求 7] 部署 Node 2 | AoI=20.54, Cost=10.0
[2026-03-23 15:14:41] [INFO]     [评估] Node 1: Score=6.70 (AoI=3.70, Cost=3.0)
[2026-03-23 15:14:41] [INFO]     [剪枝] Node 2 内存不足 (剩余 0G < 需求)
[2026-03-23 15:14:41] [INFO]     [评估] Node 3: Score=17.70 (AoI=3.95, Cost=13.75)
[2026-03-23 15:14:41] [INFO] [请求 8] 部署 Node 1 | AoI=3.70, Cost=3.0
[2026-03-23 15:14:41] [INFO]     [剪枝] Node 1 内存不足 (剩余 2G < 需求)
[2026-03-23 15:14:41] [INFO]     [评估] Node 2: Score=31.86 (AoI=21.86, Cost=10.0)
[2026-03-23 15:14:41] [INFO]     [剪枝] Node 3 内存不足 (剩余 3G < 需求)
[2026-03-23 15:14:41] [INFO] [请求 9] 部署 Node 2 | AoI=21.86, Cost=10.0
[2026-03-23 15:14:41] [INFO]     [剪枝] Node 1 内存不足 (剩余 2G < 需求)
[2026-03-23 15:14:41] [INFO]     [评估] Node 2: Score=30.56 (AoI=20.56, Cost=10.0)
[2026-03-23 15:14:41] [INFO]     [剪枝] Node 3 内存不足 (剩余 3G < 需求)
[2026-03-23 15:14:41] [INFO] [请求 10] 部署 Node 2 | AoI=20.56, Cost=10.0
[2026-03-23 15:14:41] [INFO]     [评估] Node 1: Score=6.70 (AoI=3.70, Cost=3.0)
[2026-03-23 15:14:41] [INFO]     [剪枝] Node 2 内存不足 (剩余 0G < 需求)
[2026-03-23 15:14:41] [INFO]     [评估] Node 3: Score=17.70 (AoI=3.95, Cost=13.75)
[2026-03-23 15:14:41] [INFO] [请求 11] 部署 Node 1 | AoI=3.70, Cost=3.0
[2026-03-23 15:14:41] [INFO]     [剪枝] Node 1 内存不足 (剩余 2G < 需求)
[2026-03-23 15:14:41] [INFO]     [评估] Node 2: Score=31.60 (AoI=21.60, Cost=10.0)
[2026-03-23 15:14:41] [INFO]     [剪枝] Node 3 内存不足 (剩余 3G < 需求)
[2026-03-23 15:14:41] [INFO] [请求 12] 部署 Node 2 | AoI=21.60, Cost=10.0
[2026-03-23 15:14:41] [INFO]     [评估] Node 1: Score=6.70 (AoI=3.70, Cost=3.0)
[2026-03-23 15:14:41] [INFO]     [剪枝] Node 2 内存不足 (剩余 0G < 需求)
[2026-03-23 15:14:41] [INFO]     [评估] Node 3: Score=17.70 (AoI=3.95, Cost=13.75)
[2026-03-23 15:14:41] [INFO] [请求 13] 部署 Node 1 | AoI=3.70, Cost=3.0
[2026-03-23 15:14:41] [INFO]     [评估] Node 1: Score=7.54 (AoI=4.54, Cost=3.0)
[2026-03-23 15:14:41] [INFO]     [剪枝] Node 2 内存不足 (剩余 0G < 需求)
[2026-03-23 15:14:41] [INFO]     [评估] Node 3: Score=17.80 (AoI=4.05, Cost=13.75)
[2026-03-23 15:14:41] [INFO] [请求 14] 部署 Node 1 | AoI=4.54, Cost=3.0
[2026-03-23 15:14:41] [INFO]     [剪枝] Node 1 内存不足 (剩余 2G < 需求)
[2026-03-23 15:14:41] [INFO]     [评估] Node 2: Score=32.10 (AoI=22.10, Cost=10.0)
[2026-03-23 15:14:41] [INFO]     [剪枝] Node 3 内存不足 (剩余 3G < 需求)
[2026-03-23 15:14:41] [INFO] [请求 15] 部署 Node 2 | AoI=22.10, Cost=10.0
[2026-03-23 15:14:41] [INFO]     [剪枝] Node 1 内存不足 (剩余 2G < 需求)
[2026-03-23 15:14:41] [INFO]     [评估] Node 2: Score=34.93 (AoI=24.93, Cost=10.0)
[2026-03-23 15:14:41] [INFO]     [剪枝] Node 3 内存不足 (剩余 3G < 需求)
[2026-03-23 15:14:41] [INFO] [请求 16] 部署 Node 2 | AoI=24.93, Cost=10.0
[2026-03-23 15:14:41] [INFO]     [评估] Node 1: Score=6.70 (AoI=3.70, Cost=3.0)
[2026-03-23 15:14:41] [INFO]     [剪枝] Node 2 内存不足 (剩余 0G < 需求)
[2026-03-23 15:14:41] [INFO]     [评估] Node 3: Score=17.70 (AoI=3.95, Cost=13.75)
[2026-03-23 15:14:41] [INFO] [请求 17] 部署 Node 1 | AoI=3.70, Cost=3.0
[2026-03-23 15:14:41] [INFO]     [剪枝] Node 1 内存不足 (剩余 2G < 需求)
[2026-03-23 15:14:41] [INFO]     [评估] Node 2: Score=35.42 (AoI=25.42, Cost=10.0)
[2026-03-23 15:14:41] [INFO]     [剪枝] Node 3 内存不足 (剩余 3G < 需求)
[2026-03-23 15:14:41] [INFO] [请求 18] 部署 Node 2 | AoI=25.42, Cost=10.0
[2026-03-23 15:14:41] [INFO]     [评估] Node 1: Score=6.70 (AoI=3.70, Cost=3.0)
[2026-03-23 15:14:41] [INFO]     [剪枝] Node 2 内存不足 (剩余 0G < 需求)
[2026-03-23 15:14:41] [INFO]     [评估] Node 3: Score=17.70 (AoI=3.95, Cost=13.75)
[2026-03-23 15:14:41] [INFO] [请求 19] 部署 Node 1 | AoI=3.70, Cost=3.0
[2026-03-23 15:14:41] [INFO]     [剪枝] Node 1 内存不足 (剩余 2G < 需求)
[2026-03-23 15:14:41] [INFO]     [评估] Node 2: Score=37.07 (AoI=27.07, Cost=10.0)
[2026-03-23 15:14:41] [INFO]     [剪枝] Node 3 内存不足 (剩余 3G < 需求)
[2026-03-23 15:14:41] [INFO] [请求 20] 部署 Node 2 | AoI=27.07, Cost=10.0
[2026-03-23 15:14:41] [INFO] 
========== 开始评测算法: DP Optimal (Oracle) ==========
[2026-03-23 15:14:41] [INFO] 初始化网络拓扑...
[2026-03-23 15:14:41] [INFO]   >> 正在执行 DP-ODA 离线全局优化...
[2026-03-23 15:14:41] [INFO] [请求 1] DP规划部署 Node 1 | AoI=3.70, Cost=13.0
[2026-03-23 15:14:41] [INFO] [请求 2] DP规划部署 Node 1 | AoI=4.10, Cost=7.5
[2026-03-23 15:14:41] [INFO] [请求 3] DP规划部署 Node 1 | AoI=3.70, Cost=3.0
[2026-03-23 15:14:41] [INFO] [请求 4] DP规划部署 Node 1 | AoI=4.10, Cost=7.5
[2026-03-23 15:14:41] [INFO] [请求 5] DP规划部署 Node 1 | AoI=4.10, Cost=7.5
[2026-03-23 15:14:41] [INFO] [请求 6] DP规划部署 Node 1 | AoI=4.10, Cost=7.5
[2026-03-23 15:14:41] [INFO] [请求 7] DP规划部署 Node 1 | AoI=4.10, Cost=7.5
[2026-03-23 15:14:41] [INFO] [请求 8] DP规划部署 Node 1 | AoI=3.70, Cost=3.0
[2026-03-23 15:14:41] [INFO] [请求 9] DP规划部署 Node 1 | AoI=4.10, Cost=7.5
[2026-03-23 15:14:41] [INFO] [请求 10] DP规划部署 Node 1 | AoI=4.10, Cost=7.5
[2026-03-23 15:14:41] [INFO] [请求 11] DP规划部署 Node 1 | AoI=3.70, Cost=3.0
[2026-03-23 15:14:41] [INFO] [请求 12] DP规划部署 Node 1 | AoI=4.10, Cost=7.5
[2026-03-23 15:14:41] [INFO] [请求 13] DP规划部署 Node 1 | AoI=3.70, Cost=3.0
[2026-03-23 15:14:41] [INFO] [请求 14] DP规划部署 Node 1 | AoI=3.70, Cost=3.0
[2026-03-23 15:14:41] [INFO] [请求 15] DP规划部署 Node 1 | AoI=4.10, Cost=7.5
[2026-03-23 15:14:41] [INFO] [请求 16] DP规划部署 Node 1 | AoI=4.10, Cost=7.5
[2026-03-23 15:14:41] [INFO] [请求 17] DP规划部署 Node 1 | AoI=3.70, Cost=3.0
[2026-03-23 15:14:41] [INFO] [请求 18] DP规划部署 Node 1 | AoI=4.10, Cost=7.5
[2026-03-23 15:14:41] [INFO] [请求 19] DP规划部署 Node 1 | AoI=3.70, Cost=3.0
[2026-03-23 15:14:41] [INFO] [请求 20] DP规划部署 Node 1 | AoI=4.10, Cost=7.5
[2026-03-23 15:14:41] [INFO] 
仿真结束，正在生成对比可视化报表...
[2026-03-23 15:17:48] [INFO] 
========== 开始评测算法: Random Baseline ==========
[2026-03-23 15:17:48] [INFO] 初始化网络拓扑...
[2026-03-23 15:17:48] [INFO] [请求 1] 部署 Node 3 | AoI=3.95, Cost=13.75
[2026-03-23 15:17:48] [INFO] 内存淘汰 1
[2026-03-23 15:17:48] [INFO] 内存淘汰 3
[2026-03-23 15:17:48] [INFO] [请求 2] 部署 Node 2 | AoI=7.10, Cost=20.0
[2026-03-23 15:17:48] [INFO] 内存淘汰 2
[2026-03-23 15:17:48] [INFO] [请求 3] 部署 Node 1 | AoI=3.70, Cost=13.0
[2026-03-23 15:17:48] [INFO] 内存淘汰 1
[2026-03-23 15:17:48] [INFO] 内存淘汰 3
[2026-03-23 15:17:48] [INFO] [请求 4] 部署 Node 2 | AoI=9.78, Cost=10.0
[2026-03-23 15:17:48] [INFO] 内存淘汰 1
[2026-03-23 15:17:48] [INFO] 内存淘汰 3
[2026-03-23 15:17:48] [INFO] [请求 5] 部署 Node 2 | AoI=14.25, Cost=10.0
[2026-03-23 15:17:48] [INFO] 内存淘汰 1
[2026-03-23 15:17:48] [INFO] 内存淘汰 3
[2026-03-23 15:17:48] [INFO] [请求 6] 部署 Node 2 | AoI=16.73, Cost=10.0
[2026-03-23 15:17:48] [INFO] 内存淘汰 1
[2026-03-23 15:17:48] [INFO] 内存淘汰 3
[2026-03-23 15:17:48] [INFO] [请求 7] 部署 Node 2 | AoI=20.54, Cost=10.0
[2026-03-23 15:17:48] [INFO] 内存淘汰 2
[2026-03-23 15:17:48] [INFO] [请求 8] 部署 Node 3 | AoI=3.95, Cost=13.75
[2026-03-23 15:17:48] [INFO] 内存淘汰 1
[2026-03-23 15:17:48] [INFO] 内存淘汰 3
[2026-03-23 15:17:48] [INFO] [请求 9] 部署 Node 2 | AoI=21.86, Cost=10.0
[2026-03-23 15:17:48] [INFO] 内存淘汰 1
[2026-03-23 15:17:48] [INFO] 内存淘汰 3
[2026-03-23 15:17:48] [INFO] [请求 10] 部署 Node 2 | AoI=20.56, Cost=10.0
[2026-03-23 15:17:48] [INFO] 内存淘汰 2
[2026-03-23 15:17:48] [INFO] [请求 11] 部署 Node 1 | AoI=3.70, Cost=13.0
[2026-03-23 15:17:48] [INFO] 内存淘汰 1
[2026-03-23 15:17:48] [INFO] 内存淘汰 3
[2026-03-23 15:17:48] [INFO] [请求 12] 部署 Node 2 | AoI=21.60, Cost=10.0
[2026-03-23 15:17:48] [INFO] 内存淘汰 2
[2026-03-23 15:17:48] [INFO] [请求 13] 部署 Node 3 | AoI=3.95, Cost=13.75
[2026-03-23 15:17:48] [INFO] 内存淘汰 2
[2026-03-23 15:17:48] [INFO] [请求 14] 部署 Node 3 | AoI=5.14, Cost=3.75
[2026-03-23 15:17:48] [INFO] 内存淘汰 1
[2026-03-23 15:17:48] [INFO] 内存淘汰 3
[2026-03-23 15:17:48] [INFO] [请求 15] 部署 Node 2 | AoI=22.10, Cost=10.0
[2026-03-23 15:17:48] [INFO] 内存淘汰 1
[2026-03-23 15:17:48] [INFO] 内存淘汰 3
[2026-03-23 15:17:48] [INFO] [请求 16] 部署 Node 2 | AoI=24.93, Cost=10.0
[2026-03-23 15:17:48] [INFO] 内存淘汰 2
[2026-03-23 15:17:48] [INFO] [请求 17] 部署 Node 3 | AoI=3.95, Cost=3.75
[2026-03-23 15:17:48] [INFO] 内存淘汰 1
[2026-03-23 15:17:48] [INFO] 内存淘汰 3
[2026-03-23 15:17:48] [INFO] [请求 18] 部署 Node 2 | AoI=25.42, Cost=10.0
[2026-03-23 15:17:48] [INFO] 内存淘汰 2
[2026-03-23 15:17:48] [INFO] [请求 19] 部署 Node 3 | AoI=3.95, Cost=3.75
[2026-03-23 15:17:48] [INFO] 内存淘汰 1
[2026-03-23 15:17:48] [INFO] 内存淘汰 3
[2026-03-23 15:17:48] [INFO] [请求 20] 部署 Node 2 | AoI=27.07, Cost=10.0
[2026-03-23 15:17:48] [INFO] 
========== 开始评测算法: Greedy Best ==========
[2026-03-23 15:17:48] [INFO] 初始化网络拓扑...
[2026-03-23 15:17:48] [INFO]     [评估] Node 1: Score=16.70 (AoI=3.70, Cost=13.0)
[2026-03-23 15:17:48] [INFO]     [评估] Node 2: Score=18.70 (AoI=4.70, Cost=14.0)
[2026-03-23 15:17:48] [INFO]     [评估] Node 3: Score=17.70 (AoI=3.95, Cost=13.75)
[2026-03-23 15:17:48] [INFO] [请求 1] 部署 Node 1 | AoI=3.70, Cost=13.0
[2026-03-23 15:17:48] [INFO]     [剪枝] Node 1 内存不足 (剩余 2G < 需求)
[2026-03-23 15:17:48] [INFO]     [评估] Node 2: Score=27.10 (AoI=7.10, Cost=20.0)
[2026-03-23 15:17:48] [INFO]     [剪枝] Node 3 内存不足 (剩余 3G < 需求)
[2026-03-23 15:17:48] [INFO] [请求 2] 部署 Node 2 | AoI=7.10, Cost=20.0
[2026-03-23 15:17:48] [INFO]     [评估] Node 1: Score=6.70 (AoI=3.70, Cost=3.0)
[2026-03-23 15:17:48] [INFO]     [剪枝] Node 2 内存不足 (剩余 0G < 需求)
[2026-03-23 15:17:48] [INFO]     [评估] Node 3: Score=17.70 (AoI=3.95, Cost=13.75)
[2026-03-23 15:17:48] [INFO] [请求 3] 部署 Node 1 | AoI=3.70, Cost=3.0
[2026-03-23 15:17:48] [INFO]     [剪枝] Node 1 内存不足 (剩余 2G < 需求)
[2026-03-23 15:17:48] [INFO]     [评估] Node 2: Score=19.78 (AoI=9.78, Cost=10.0)
[2026-03-23 15:17:48] [INFO]     [剪枝] Node 3 内存不足 (剩余 3G < 需求)
[2026-03-23 15:17:48] [INFO] [请求 4] 部署 Node 2 | AoI=9.78, Cost=10.0
[2026-03-23 15:17:48] [INFO]     [剪枝] Node 1 内存不足 (剩余 2G < 需求)
[2026-03-23 15:17:48] [INFO]     [评估] Node 2: Score=24.25 (AoI=14.25, Cost=10.0)
[2026-03-23 15:17:48] [INFO]     [剪枝] Node 3 内存不足 (剩余 3G < 需求)
[2026-03-23 15:17:48] [INFO] [请求 5] 部署 Node 2 | AoI=14.25, Cost=10.0
[2026-03-23 15:17:48] [INFO]     [剪枝] Node 1 内存不足 (剩余 2G < 需求)
[2026-03-23 15:17:48] [INFO]     [评估] Node 2: Score=26.73 (AoI=16.73, Cost=10.0)
[2026-03-23 15:17:48] [INFO]     [剪枝] Node 3 内存不足 (剩余 3G < 需求)
[2026-03-23 15:17:48] [INFO] [请求 6] 部署 Node 2 | AoI=16.73, Cost=10.0
[2026-03-23 15:17:48] [INFO]     [剪枝] Node 1 内存不足 (剩余 2G < 需求)
[2026-03-23 15:17:48] [INFO]     [评估] Node 2: Score=30.54 (AoI=20.54, Cost=10.0)
[2026-03-23 15:17:48] [INFO]     [剪枝] Node 3 内存不足 (剩余 3G < 需求)
[2026-03-23 15:17:48] [INFO] [请求 7] 部署 Node 2 | AoI=20.54, Cost=10.0
[2026-03-23 15:17:48] [INFO]     [评估] Node 1: Score=6.70 (AoI=3.70, Cost=3.0)
[2026-03-23 15:17:48] [INFO]     [剪枝] Node 2 内存不足 (剩余 0G < 需求)
[2026-03-23 15:17:48] [INFO]     [评估] Node 3: Score=17.70 (AoI=3.95, Cost=13.75)
[2026-03-23 15:17:48] [INFO] [请求 8] 部署 Node 1 | AoI=3.70, Cost=3.0
[2026-03-23 15:17:48] [INFO]     [剪枝] Node 1 内存不足 (剩余 2G < 需求)
[2026-03-23 15:17:48] [INFO]     [评估] Node 2: Score=31.86 (AoI=21.86, Cost=10.0)
[2026-03-23 15:17:48] [INFO]     [剪枝] Node 3 内存不足 (剩余 3G < 需求)
[2026-03-23 15:17:48] [INFO] [请求 9] 部署 Node 2 | AoI=21.86, Cost=10.0
[2026-03-23 15:17:48] [INFO]     [剪枝] Node 1 内存不足 (剩余 2G < 需求)
[2026-03-23 15:17:48] [INFO]     [评估] Node 2: Score=30.56 (AoI=20.56, Cost=10.0)
[2026-03-23 15:17:48] [INFO]     [剪枝] Node 3 内存不足 (剩余 3G < 需求)
[2026-03-23 15:17:48] [INFO] [请求 10] 部署 Node 2 | AoI=20.56, Cost=10.0
[2026-03-23 15:17:48] [INFO]     [评估] Node 1: Score=6.70 (AoI=3.70, Cost=3.0)
[2026-03-23 15:17:48] [INFO]     [剪枝] Node 2 内存不足 (剩余 0G < 需求)
[2026-03-23 15:17:48] [INFO]     [评估] Node 3: Score=17.70 (AoI=3.95, Cost=13.75)
[2026-03-23 15:17:48] [INFO] [请求 11] 部署 Node 1 | AoI=3.70, Cost=3.0
[2026-03-23 15:17:48] [INFO]     [剪枝] Node 1 内存不足 (剩余 2G < 需求)
[2026-03-23 15:17:48] [INFO]     [评估] Node 2: Score=31.60 (AoI=21.60, Cost=10.0)
[2026-03-23 15:17:48] [INFO]     [剪枝] Node 3 内存不足 (剩余 3G < 需求)
[2026-03-23 15:17:48] [INFO] [请求 12] 部署 Node 2 | AoI=21.60, Cost=10.0
[2026-03-23 15:17:48] [INFO]     [评估] Node 1: Score=6.70 (AoI=3.70, Cost=3.0)
[2026-03-23 15:17:48] [INFO]     [剪枝] Node 2 内存不足 (剩余 0G < 需求)
[2026-03-23 15:17:48] [INFO]     [评估] Node 3: Score=17.70 (AoI=3.95, Cost=13.75)
[2026-03-23 15:17:48] [INFO] [请求 13] 部署 Node 1 | AoI=3.70, Cost=3.0
[2026-03-23 15:17:48] [INFO]     [评估] Node 1: Score=7.54 (AoI=4.54, Cost=3.0)
[2026-03-23 15:17:48] [INFO]     [剪枝] Node 2 内存不足 (剩余 0G < 需求)
[2026-03-23 15:17:48] [INFO]     [评估] Node 3: Score=17.80 (AoI=4.05, Cost=13.75)
[2026-03-23 15:17:48] [INFO] [请求 14] 部署 Node 1 | AoI=4.54, Cost=3.0
[2026-03-23 15:17:48] [INFO]     [剪枝] Node 1 内存不足 (剩余 2G < 需求)
[2026-03-23 15:17:48] [INFO]     [评估] Node 2: Score=32.10 (AoI=22.10, Cost=10.0)
[2026-03-23 15:17:48] [INFO]     [剪枝] Node 3 内存不足 (剩余 3G < 需求)
[2026-03-23 15:17:48] [INFO] [请求 15] 部署 Node 2 | AoI=22.10, Cost=10.0
[2026-03-23 15:17:48] [INFO]     [剪枝] Node 1 内存不足 (剩余 2G < 需求)
[2026-03-23 15:17:48] [INFO]     [评估] Node 2: Score=34.93 (AoI=24.93, Cost=10.0)
[2026-03-23 15:17:48] [INFO]     [剪枝] Node 3 内存不足 (剩余 3G < 需求)
[2026-03-23 15:17:48] [INFO] [请求 16] 部署 Node 2 | AoI=24.93, Cost=10.0
[2026-03-23 15:17:48] [INFO]     [评估] Node 1: Score=6.70 (AoI=3.70, Cost=3.0)
[2026-03-23 15:17:48] [INFO]     [剪枝] Node 2 内存不足 (剩余 0G < 需求)
[2026-03-23 15:17:48] [INFO]     [评估] Node 3: Score=17.70 (AoI=3.95, Cost=13.75)
[2026-03-23 15:17:48] [INFO] [请求 17] 部署 Node 1 | AoI=3.70, Cost=3.0
[2026-03-23 15:17:48] [INFO]     [剪枝] Node 1 内存不足 (剩余 2G < 需求)
[2026-03-23 15:17:48] [INFO]     [评估] Node 2: Score=35.42 (AoI=25.42, Cost=10.0)
[2026-03-23 15:17:48] [INFO]     [剪枝] Node 3 内存不足 (剩余 3G < 需求)
[2026-03-23 15:17:48] [INFO] [请求 18] 部署 Node 2 | AoI=25.42, Cost=10.0
[2026-03-23 15:17:48] [INFO]     [评估] Node 1: Score=6.70 (AoI=3.70, Cost=3.0)
[2026-03-23 15:17:48] [INFO]     [剪枝] Node 2 内存不足 (剩余 0G < 需求)
[2026-03-23 15:17:48] [INFO]     [评估] Node 3: Score=17.70 (AoI=3.95, Cost=13.75)
[2026-03-23 15:17:48] [INFO] [请求 19] 部署 Node 1 | AoI=3.70, Cost=3.0
[2026-03-23 15:17:48] [INFO]     [剪枝] Node 1 内存不足 (剩余 2G < 需求)
[2026-03-23 15:17:48] [INFO]     [评估] Node 2: Score=37.07 (AoI=27.07, Cost=10.0)
[2026-03-23 15:17:48] [INFO]     [剪枝] Node 3 内存不足 (剩余 3G < 需求)
[2026-03-23 15:17:48] [INFO] [请求 20] 部署 Node 2 | AoI=27.07, Cost=10.0
[2026-03-23 15:17:48] [INFO] 
========== 开始评测算法: DP Optimal (Oracle) ==========
[2026-03-23 15:17:48] [INFO] 初始化网络拓扑...
[2026-03-23 15:17:48] [INFO]   >> 正在执行 DP-ODA 离线全局优化...
[2026-03-23 15:17:48] [INFO] [请求 1] DP规划部署 Node 1 | AoI=3.70, Cost=13.0
[2026-03-23 15:17:48] [INFO] [请求 2] DP规划部署 Node 1 | AoI=4.10, Cost=7.5
[2026-03-23 15:17:48] [INFO] [请求 3] DP规划部署 Node 1 | AoI=3.70, Cost=3.0
[2026-03-23 15:17:48] [INFO] [请求 4] DP规划部署 Node 1 | AoI=4.10, Cost=7.5
[2026-03-23 15:17:48] [INFO] [请求 5] DP规划部署 Node 1 | AoI=4.10, Cost=7.5
[2026-03-23 15:17:48] [INFO] [请求 6] DP规划部署 Node 1 | AoI=4.10, Cost=7.5
[2026-03-23 15:17:48] [INFO] [请求 7] DP规划部署 Node 1 | AoI=4.10, Cost=7.5
[2026-03-23 15:17:48] [INFO] [请求 8] DP规划部署 Node 1 | AoI=3.70, Cost=3.0
[2026-03-23 15:17:48] [INFO] [请求 9] DP规划部署 Node 1 | AoI=4.10, Cost=7.5
[2026-03-23 15:17:48] [INFO] [请求 10] DP规划部署 Node 1 | AoI=4.10, Cost=7.5
[2026-03-23 15:17:48] [INFO] [请求 11] DP规划部署 Node 1 | AoI=3.70, Cost=3.0
[2026-03-23 15:17:48] [INFO] [请求 12] DP规划部署 Node 1 | AoI=4.10, Cost=7.5
[2026-03-23 15:17:48] [INFO] [请求 13] DP规划部署 Node 1 | AoI=3.70, Cost=3.0
[2026-03-23 15:17:48] [INFO] [请求 14] DP规划部署 Node 1 | AoI=3.70, Cost=3.0
[2026-03-23 15:17:48] [INFO] [请求 15] DP规划部署 Node 1 | AoI=4.10, Cost=7.5
[2026-03-23 15:17:48] [INFO] [请求 16] DP规划部署 Node 1 | AoI=4.10, Cost=7.5
[2026-03-23 15:17:48] [INFO] [请求 17] DP规划部署 Node 1 | AoI=3.70, Cost=3.0
[2026-03-23 15:17:48] [INFO] [请求 18] DP规划部署 Node 1 | AoI=4.10, Cost=7.5
[2026-03-23 15:17:48] [INFO] [请求 19] DP规划部署 Node 1 | AoI=3.70, Cost=3.0
[2026-03-23 15:17:48] [INFO] [请求 20] DP规划部署 Node 1 | AoI=4.10, Cost=7.5
[2026-03-23 15:17:48] [INFO] 
仿真结束，正在生成对比可视化报表...
[2026-03-23 15:36:01] [INFO] 
========== 开始评测算法: Random Baseline ==========
[2026-03-23 15:36:01] [INFO] 初始化网络拓扑...
[2026-03-23 15:36:01] [INFO] [请求 1] 部署 Node 3 | 真实 AoI=2.95, 真实 Cost=13.75
[2026-03-23 15:36:01] [INFO] 内存淘汰 1
[2026-03-23 15:36:01] [INFO] 内存淘汰 3
[2026-03-23 15:36:01] [INFO] [请求 2] 部署 Node 2 | 真实 AoI=6.10, 真实 Cost=20.00
[2026-03-23 15:36:01] [INFO] 内存淘汰 2
[2026-03-23 15:36:01] [INFO] [请求 3] 部署 Node 1 | 真实 AoI=2.70, 真实 Cost=13.00
[2026-03-23 15:36:01] [INFO] 内存淘汰 1
[2026-03-23 15:36:01] [INFO] 内存淘汰 3
[2026-03-23 15:36:01] [INFO] [请求 4] 部署 Node 2 | 真实 AoI=8.78, 真实 Cost=10.00
[2026-03-23 15:36:01] [INFO] 内存淘汰 1
[2026-03-23 15:36:01] [INFO] 内存淘汰 3
[2026-03-23 15:36:01] [INFO] [请求 5] 部署 Node 2 | 真实 AoI=13.25, 真实 Cost=10.00
[2026-03-23 15:36:01] [INFO] 内存淘汰 1
[2026-03-23 15:36:01] [INFO] 内存淘汰 3
[2026-03-23 15:36:01] [INFO] [请求 6] 部署 Node 2 | 真实 AoI=15.73, 真实 Cost=10.00
[2026-03-23 15:36:01] [INFO] 内存淘汰 1
[2026-03-23 15:36:01] [INFO] 内存淘汰 3
[2026-03-23 15:36:01] [INFO] [请求 7] 部署 Node 2 | 真实 AoI=19.54, 真实 Cost=10.00
[2026-03-23 15:36:01] [INFO] 内存淘汰 2
[2026-03-23 15:36:01] [INFO] [请求 8] 部署 Node 3 | 真实 AoI=2.95, 真实 Cost=13.75
[2026-03-23 15:36:01] [INFO] 内存淘汰 1
[2026-03-23 15:36:01] [INFO] 内存淘汰 3
[2026-03-23 15:36:01] [INFO] [请求 9] 部署 Node 2 | 真实 AoI=20.86, 真实 Cost=10.00
[2026-03-23 15:36:01] [INFO] 内存淘汰 1
[2026-03-23 15:36:01] [INFO] 内存淘汰 3
[2026-03-23 15:36:01] [INFO] [请求 10] 部署 Node 2 | 真实 AoI=19.56, 真实 Cost=10.00
[2026-03-23 15:36:01] [INFO] 内存淘汰 2
[2026-03-23 15:36:01] [INFO] [请求 11] 部署 Node 1 | 真实 AoI=2.70, 真实 Cost=13.00
[2026-03-23 15:36:01] [INFO] 内存淘汰 1
[2026-03-23 15:36:01] [INFO] 内存淘汰 3
[2026-03-23 15:36:01] [INFO] [请求 12] 部署 Node 2 | 真实 AoI=20.60, 真实 Cost=10.00
[2026-03-23 15:36:01] [INFO] 内存淘汰 2
[2026-03-23 15:36:01] [INFO] [请求 13] 部署 Node 3 | 真实 AoI=2.95, 真实 Cost=13.75
[2026-03-23 15:36:01] [INFO] 内存淘汰 2
[2026-03-23 15:36:01] [INFO] [请求 14] 部署 Node 3 | 真实 AoI=4.14, 真实 Cost=3.75
[2026-03-23 15:36:01] [INFO] 内存淘汰 1
[2026-03-23 15:36:01] [INFO] 内存淘汰 3
[2026-03-23 15:36:01] [INFO] [请求 15] 部署 Node 2 | 真实 AoI=21.10, 真实 Cost=10.00
[2026-03-23 15:36:01] [INFO] 内存淘汰 1
[2026-03-23 15:36:01] [INFO] 内存淘汰 3
[2026-03-23 15:36:01] [INFO] [请求 16] 部署 Node 2 | 真实 AoI=23.93, 真实 Cost=10.00
[2026-03-23 15:36:01] [INFO] 内存淘汰 2
[2026-03-23 15:36:01] [INFO] [请求 17] 部署 Node 3 | 真实 AoI=2.95, 真实 Cost=3.75
[2026-03-23 15:36:01] [INFO] 内存淘汰 1
[2026-03-23 15:36:01] [INFO] 内存淘汰 3
[2026-03-23 15:36:01] [INFO] [请求 18] 部署 Node 2 | 真实 AoI=24.42, 真实 Cost=10.00
[2026-03-23 15:36:01] [INFO] 内存淘汰 2
[2026-03-23 15:36:01] [INFO] [请求 19] 部署 Node 3 | 真实 AoI=2.95, 真实 Cost=3.75
[2026-03-23 15:36:01] [INFO] 内存淘汰 1
[2026-03-23 15:36:01] [INFO] 内存淘汰 3
[2026-03-23 15:36:01] [INFO] [请求 20] 部署 Node 2 | 真实 AoI=26.07, 真实 Cost=10.00
[2026-03-23 15:36:01] [INFO] 
========== 开始评测算法: Greedy Best ==========
[2026-03-23 15:36:01] [INFO] 初始化网络拓扑...
[2026-03-23 15:36:01] [INFO]     [评估] Node 1: Score=16.70 (AoI=3.70, Cost=13.0)
[2026-03-23 15:36:01] [INFO]     [评估] Node 2: Score=18.70 (AoI=4.70, Cost=14.0)
[2026-03-23 15:36:01] [INFO]     [评估] Node 3: Score=17.70 (AoI=3.95, Cost=13.75)
[2026-03-23 15:36:01] [INFO] [请求 1] 部署 Node 1 | 真实 AoI=2.70, 真实 Cost=13.00
[2026-03-23 15:36:01] [INFO]     [剪枝] Node 1 内存不足 (剩余 2G < 需求)
[2026-03-23 15:36:01] [INFO]     [评估] Node 2: Score=27.10 (AoI=7.10, Cost=20.0)
[2026-03-23 15:36:01] [INFO]     [剪枝] Node 3 内存不足 (剩余 3G < 需求)
[2026-03-23 15:36:01] [INFO] [请求 2] 部署 Node 2 | 真实 AoI=6.10, 真实 Cost=20.00
[2026-03-23 15:36:01] [INFO]     [评估] Node 1: Score=6.70 (AoI=3.70, Cost=3.0)
[2026-03-23 15:36:01] [INFO]     [剪枝] Node 2 内存不足 (剩余 0G < 需求)
[2026-03-23 15:36:01] [INFO]     [评估] Node 3: Score=17.70 (AoI=3.95, Cost=13.75)
[2026-03-23 15:36:01] [INFO] [请求 3] 部署 Node 1 | 真实 AoI=2.70, 真实 Cost=3.00
[2026-03-23 15:36:01] [INFO]     [剪枝] Node 1 内存不足 (剩余 2G < 需求)
[2026-03-23 15:36:01] [INFO]     [评估] Node 2: Score=18.78 (AoI=8.78, Cost=10.0)
[2026-03-23 15:36:01] [INFO]     [剪枝] Node 3 内存不足 (剩余 3G < 需求)
[2026-03-23 15:36:01] [INFO] [请求 4] 部署 Node 2 | 真实 AoI=8.78, 真实 Cost=10.00
[2026-03-23 15:36:01] [INFO]     [剪枝] Node 1 内存不足 (剩余 2G < 需求)
[2026-03-23 15:36:01] [INFO]     [评估] Node 2: Score=23.25 (AoI=13.25, Cost=10.0)
[2026-03-23 15:36:01] [INFO]     [剪枝] Node 3 内存不足 (剩余 3G < 需求)
[2026-03-23 15:36:01] [INFO] [请求 5] 部署 Node 2 | 真实 AoI=13.25, 真实 Cost=10.00
[2026-03-23 15:36:01] [INFO]     [剪枝] Node 1 内存不足 (剩余 2G < 需求)
[2026-03-23 15:36:01] [INFO]     [评估] Node 2: Score=25.73 (AoI=15.73, Cost=10.0)
[2026-03-23 15:36:01] [INFO]     [剪枝] Node 3 内存不足 (剩余 3G < 需求)
[2026-03-23 15:36:01] [INFO] [请求 6] 部署 Node 2 | 真实 AoI=15.73, 真实 Cost=10.00
[2026-03-23 15:36:01] [INFO]     [剪枝] Node 1 内存不足 (剩余 2G < 需求)
[2026-03-23 15:36:01] [INFO]     [评估] Node 2: Score=29.54 (AoI=19.54, Cost=10.0)
[2026-03-23 15:36:01] [INFO]     [剪枝] Node 3 内存不足 (剩余 3G < 需求)
[2026-03-23 15:36:01] [INFO] [请求 7] 部署 Node 2 | 真实 AoI=19.54, 真实 Cost=10.00
[2026-03-23 15:36:01] [INFO]     [评估] Node 1: Score=6.70 (AoI=3.70, Cost=3.0)
[2026-03-23 15:36:01] [INFO]     [剪枝] Node 2 内存不足 (剩余 0G < 需求)
[2026-03-23 15:36:01] [INFO]     [评估] Node 3: Score=17.70 (AoI=3.95, Cost=13.75)
[2026-03-23 15:36:01] [INFO] [请求 8] 部署 Node 1 | 真实 AoI=2.70, 真实 Cost=3.00
[2026-03-23 15:36:01] [INFO]     [剪枝] Node 1 内存不足 (剩余 2G < 需求)
[2026-03-23 15:36:01] [INFO]     [评估] Node 2: Score=30.86 (AoI=20.86, Cost=10.0)
[2026-03-23 15:36:01] [INFO]     [剪枝] Node 3 内存不足 (剩余 3G < 需求)
[2026-03-23 15:36:01] [INFO] [请求 9] 部署 Node 2 | 真实 AoI=20.86, 真实 Cost=10.00
[2026-03-23 15:36:01] [INFO]     [剪枝] Node 1 内存不足 (剩余 2G < 需求)
[2026-03-23 15:36:01] [INFO]     [评估] Node 2: Score=29.56 (AoI=19.56, Cost=10.0)
[2026-03-23 15:36:01] [INFO]     [剪枝] Node 3 内存不足 (剩余 3G < 需求)
[2026-03-23 15:36:01] [INFO] [请求 10] 部署 Node 2 | 真实 AoI=19.56, 真实 Cost=10.00
[2026-03-23 15:36:01] [INFO]     [评估] Node 1: Score=6.70 (AoI=3.70, Cost=3.0)
[2026-03-23 15:36:01] [INFO]     [剪枝] Node 2 内存不足 (剩余 0G < 需求)
[2026-03-23 15:36:01] [INFO]     [评估] Node 3: Score=17.70 (AoI=3.95, Cost=13.75)
[2026-03-23 15:36:01] [INFO] [请求 11] 部署 Node 1 | 真实 AoI=2.70, 真实 Cost=3.00
[2026-03-23 15:36:01] [INFO]     [剪枝] Node 1 内存不足 (剩余 2G < 需求)
[2026-03-23 15:36:01] [INFO]     [评估] Node 2: Score=30.60 (AoI=20.60, Cost=10.0)
[2026-03-23 15:36:01] [INFO]     [剪枝] Node 3 内存不足 (剩余 3G < 需求)
[2026-03-23 15:36:01] [INFO] [请求 12] 部署 Node 2 | 真实 AoI=20.60, 真实 Cost=10.00
[2026-03-23 15:36:01] [INFO]     [评估] Node 1: Score=6.70 (AoI=3.70, Cost=3.0)
[2026-03-23 15:36:01] [INFO]     [剪枝] Node 2 内存不足 (剩余 0G < 需求)
[2026-03-23 15:36:01] [INFO]     [评估] Node 3: Score=17.70 (AoI=3.95, Cost=13.75)
[2026-03-23 15:36:01] [INFO] [请求 13] 部署 Node 1 | 真实 AoI=2.70, 真实 Cost=3.00
[2026-03-23 15:36:01] [INFO]     [评估] Node 1: Score=6.70 (AoI=3.70, Cost=3.0)
[2026-03-23 15:36:01] [INFO]     [剪枝] Node 2 内存不足 (剩余 0G < 需求)
[2026-03-23 15:36:01] [INFO]     [评估] Node 3: Score=17.80 (AoI=4.05, Cost=13.75)
[2026-03-23 15:36:01] [INFO] [请求 14] 部署 Node 1 | 真实 AoI=3.54, 真实 Cost=3.00
[2026-03-23 15:36:01] [INFO]     [剪枝] Node 1 内存不足 (剩余 2G < 需求)
[2026-03-23 15:36:01] [INFO]     [评估] Node 2: Score=31.10 (AoI=21.10, Cost=10.0)
[2026-03-23 15:36:01] [INFO]     [剪枝] Node 3 内存不足 (剩余 3G < 需求)
[2026-03-23 15:36:01] [INFO] [请求 15] 部署 Node 2 | 真实 AoI=21.10, 真实 Cost=10.00
[2026-03-23 15:36:01] [INFO]     [剪枝] Node 1 内存不足 (剩余 2G < 需求)
[2026-03-23 15:36:01] [INFO]     [评估] Node 2: Score=33.93 (AoI=23.93, Cost=10.0)
[2026-03-23 15:36:01] [INFO]     [剪枝] Node 3 内存不足 (剩余 3G < 需求)
[2026-03-23 15:36:01] [INFO] [请求 16] 部署 Node 2 | 真实 AoI=23.93, 真实 Cost=10.00
[2026-03-23 15:36:01] [INFO]     [评估] Node 1: Score=6.70 (AoI=3.70, Cost=3.0)
[2026-03-23 15:36:01] [INFO]     [剪枝] Node 2 内存不足 (剩余 0G < 需求)
[2026-03-23 15:36:01] [INFO]     [评估] Node 3: Score=17.70 (AoI=3.95, Cost=13.75)
[2026-03-23 15:36:01] [INFO] [请求 17] 部署 Node 1 | 真实 AoI=2.70, 真实 Cost=3.00
[2026-03-23 15:36:01] [INFO]     [剪枝] Node 1 内存不足 (剩余 2G < 需求)
[2026-03-23 15:36:01] [INFO]     [评估] Node 2: Score=34.42 (AoI=24.42, Cost=10.0)
[2026-03-23 15:36:01] [INFO]     [剪枝] Node 3 内存不足 (剩余 3G < 需求)
[2026-03-23 15:36:01] [INFO] [请求 18] 部署 Node 2 | 真实 AoI=24.42, 真实 Cost=10.00
[2026-03-23 15:36:01] [INFO]     [评估] Node 1: Score=6.70 (AoI=3.70, Cost=3.0)
[2026-03-23 15:36:01] [INFO]     [剪枝] Node 2 内存不足 (剩余 0G < 需求)
[2026-03-23 15:36:01] [INFO]     [评估] Node 3: Score=17.70 (AoI=3.95, Cost=13.75)
[2026-03-23 15:36:01] [INFO] [请求 19] 部署 Node 1 | 真实 AoI=2.70, 真实 Cost=3.00
[2026-03-23 15:36:01] [INFO]     [剪枝] Node 1 内存不足 (剩余 2G < 需求)
[2026-03-23 15:36:01] [INFO]     [评估] Node 2: Score=36.07 (AoI=26.07, Cost=10.0)
[2026-03-23 15:36:01] [INFO]     [剪枝] Node 3 内存不足 (剩余 3G < 需求)
[2026-03-23 15:36:01] [INFO] [请求 20] 部署 Node 2 | 真实 AoI=26.07, 真实 Cost=10.00
[2026-03-23 15:36:01] [INFO] 
========== 开始评测算法: DP Optimal (Oracle) ==========
[2026-03-23 15:36:01] [INFO] 初始化网络拓扑...
[2026-03-23 15:36:01] [INFO]   >> 正在执行 DP-ODA 离线全局优化...
[2026-03-23 15:36:01] [INFO] [请求 1] DP规划部署 Node 1 | AoI=3.70, Cost=13.0
[2026-03-23 15:36:01] [INFO] [请求 2] DP规划部署 Node 1 | AoI=4.10, Cost=7.5
[2026-03-23 15:36:01] [INFO] [请求 3] DP规划部署 Node 1 | AoI=3.70, Cost=3.0
[2026-03-23 15:36:01] [INFO] [请求 4] DP规划部署 Node 1 | AoI=4.10, Cost=7.5
[2026-03-23 15:36:01] [INFO] [请求 5] DP规划部署 Node 1 | AoI=4.10, Cost=7.5
[2026-03-23 15:36:01] [INFO] [请求 6] DP规划部署 Node 1 | AoI=4.10, Cost=7.5
[2026-03-23 15:36:01] [INFO] [请求 7] DP规划部署 Node 1 | AoI=4.10, Cost=7.5
[2026-03-23 15:36:01] [INFO] [请求 8] DP规划部署 Node 1 | AoI=3.70, Cost=3.0
[2026-03-23 15:36:01] [INFO] [请求 9] DP规划部署 Node 1 | AoI=4.10, Cost=7.5
[2026-03-23 15:36:01] [INFO] [请求 10] DP规划部署 Node 1 | AoI=4.10, Cost=7.5
[2026-03-23 15:36:01] [INFO] [请求 11] DP规划部署 Node 1 | AoI=3.70, Cost=3.0
[2026-03-23 15:36:01] [INFO] [请求 12] DP规划部署 Node 1 | AoI=4.10, Cost=7.5
[2026-03-23 15:36:01] [INFO] [请求 13] DP规划部署 Node 1 | AoI=3.70, Cost=3.0
[2026-03-23 15:36:01] [INFO] [请求 14] DP规划部署 Node 1 | AoI=3.70, Cost=3.0
[2026-03-23 15:36:01] [INFO] [请求 15] DP规划部署 Node 1 | AoI=4.10, Cost=7.5
[2026-03-23 15:36:01] [INFO] [请求 16] DP规划部署 Node 1 | AoI=4.10, Cost=7.5
[2026-03-23 15:36:01] [INFO] [请求 17] DP规划部署 Node 1 | AoI=3.70, Cost=3.0
[2026-03-23 15:36:01] [INFO] [请求 18] DP规划部署 Node 1 | AoI=4.10, Cost=7.5
[2026-03-23 15:36:01] [INFO] [请求 19] DP规划部署 Node 1 | AoI=3.70, Cost=3.0
[2026-03-23 15:36:01] [INFO] [请求 20] DP规划部署 Node 1 | AoI=4.10, Cost=7.5
[2026-03-23 15:36:01] [INFO] 
仿真结束，正在生成对比可视化报表...
[2026-03-23 15:44:13] [INFO] 
========== 开始评测算法: Random Baseline ==========
[2026-03-23 15:44:13] [INFO] 初始化网络拓扑...
[2026-03-23 15:44:13] [INFO] [请求 1] 部署 Node 3 | 真实 AoI=2.95, 真实 Cost=13.75
[2026-03-23 15:44:13] [INFO] 内存淘汰 1
[2026-03-23 15:44:13] [INFO] 内存淘汰 3
[2026-03-23 15:44:13] [INFO] [请求 2] 部署 Node 2 | 真实 AoI=6.10, 真实 Cost=20.00
[2026-03-23 15:44:13] [INFO] 内存淘汰 2
[2026-03-23 15:44:13] [INFO] [请求 3] 部署 Node 1 | 真实 AoI=2.70, 真实 Cost=13.00
[2026-03-23 15:44:13] [INFO] 内存淘汰 1
[2026-03-23 15:44:13] [INFO] 内存淘汰 3
[2026-03-23 15:44:13] [INFO] [请求 4] 部署 Node 2 | 真实 AoI=8.78, 真实 Cost=10.00
[2026-03-23 15:44:13] [INFO] 内存淘汰 1
[2026-03-23 15:44:13] [INFO] 内存淘汰 3
[2026-03-23 15:44:13] [INFO] [请求 5] 部署 Node 2 | 真实 AoI=13.25, 真实 Cost=10.00
[2026-03-23 15:44:13] [INFO] 内存淘汰 1
[2026-03-23 15:44:13] [INFO] 内存淘汰 3
[2026-03-23 15:44:13] [INFO] [请求 6] 部署 Node 2 | 真实 AoI=15.73, 真实 Cost=10.00
[2026-03-23 15:44:13] [INFO] 内存淘汰 1
[2026-03-23 15:44:13] [INFO] 内存淘汰 3
[2026-03-23 15:44:13] [INFO] [请求 7] 部署 Node 2 | 真实 AoI=19.54, 真实 Cost=10.00
[2026-03-23 15:44:13] [INFO] 内存淘汰 2
[2026-03-23 15:44:13] [INFO] [请求 8] 部署 Node 3 | 真实 AoI=2.95, 真实 Cost=13.75
[2026-03-23 15:44:13] [INFO] 内存淘汰 1
[2026-03-23 15:44:13] [INFO] 内存淘汰 3
[2026-03-23 15:44:13] [INFO] [请求 9] 部署 Node 2 | 真实 AoI=20.86, 真实 Cost=10.00
[2026-03-23 15:44:13] [INFO] 内存淘汰 1
[2026-03-23 15:44:13] [INFO] 内存淘汰 3
[2026-03-23 15:44:13] [INFO] [请求 10] 部署 Node 2 | 真实 AoI=19.56, 真实 Cost=10.00
[2026-03-23 15:44:13] [INFO] 内存淘汰 2
[2026-03-23 15:44:13] [INFO] [请求 11] 部署 Node 1 | 真实 AoI=2.70, 真实 Cost=13.00
[2026-03-23 15:44:13] [INFO] 内存淘汰 1
[2026-03-23 15:44:13] [INFO] 内存淘汰 3
[2026-03-23 15:44:13] [INFO] [请求 12] 部署 Node 2 | 真实 AoI=20.60, 真实 Cost=10.00
[2026-03-23 15:44:13] [INFO] 内存淘汰 2
[2026-03-23 15:44:13] [INFO] [请求 13] 部署 Node 3 | 真实 AoI=2.95, 真实 Cost=13.75
[2026-03-23 15:44:13] [INFO] 内存淘汰 2
[2026-03-23 15:44:13] [INFO] [请求 14] 部署 Node 3 | 真实 AoI=4.14, 真实 Cost=3.75
[2026-03-23 15:44:13] [INFO] 内存淘汰 1
[2026-03-23 15:44:13] [INFO] 内存淘汰 3
[2026-03-23 15:44:13] [INFO] [请求 15] 部署 Node 2 | 真实 AoI=21.10, 真实 Cost=10.00
[2026-03-23 15:44:13] [INFO] 内存淘汰 1
[2026-03-23 15:44:13] [INFO] 内存淘汰 3
[2026-03-23 15:44:13] [INFO] [请求 16] 部署 Node 2 | 真实 AoI=23.93, 真实 Cost=10.00
[2026-03-23 15:44:13] [INFO] 内存淘汰 2
[2026-03-23 15:44:13] [INFO] [请求 17] 部署 Node 3 | 真实 AoI=2.95, 真实 Cost=3.75
[2026-03-23 15:44:13] [INFO] 内存淘汰 1
[2026-03-23 15:44:13] [INFO] 内存淘汰 3
[2026-03-23 15:44:13] [INFO] [请求 18] 部署 Node 2 | 真实 AoI=24.42, 真实 Cost=10.00
[2026-03-23 15:44:13] [INFO] 内存淘汰 2
[2026-03-23 15:44:13] [INFO] [请求 19] 部署 Node 3 | 真实 AoI=2.95, 真实 Cost=3.75
[2026-03-23 15:44:13] [INFO] 内存淘汰 1
[2026-03-23 15:44:13] [INFO] 内存淘汰 3
[2026-03-23 15:44:13] [INFO] [请求 20] 部署 Node 2 | 真实 AoI=26.07, 真实 Cost=10.00
[2026-03-23 15:44:13] [INFO] 
========== 开始评测算法: Greedy Best ==========
[2026-03-23 15:44:13] [INFO] 初始化网络拓扑...
[2026-03-23 15:44:13] [INFO]     [评估] Node 1: Score=16.70 (AoI=3.70, Cost=13.0)
[2026-03-23 15:44:13] [INFO]     [评估] Node 2: Score=18.70 (AoI=4.70, Cost=14.0)
[2026-03-23 15:44:13] [INFO]     [评估] Node 3: Score=17.70 (AoI=3.95, Cost=13.75)
[2026-03-23 15:44:13] [INFO] [请求 1] 部署 Node 1 | 真实 AoI=2.70, 真实 Cost=13.00
[2026-03-23 15:44:13] [INFO]     [剪枝] Node 1 内存不足 (剩余 2G < 需求)
[2026-03-23 15:44:13] [INFO]     [评估] Node 2: Score=27.10 (AoI=7.10, Cost=20.0)
[2026-03-23 15:44:13] [INFO]     [剪枝] Node 3 内存不足 (剩余 3G < 需求)
[2026-03-23 15:44:13] [INFO] [请求 2] 部署 Node 2 | 真实 AoI=6.10, 真实 Cost=20.00
[2026-03-23 15:44:13] [INFO]     [评估] Node 1: Score=6.70 (AoI=3.70, Cost=3.0)
[2026-03-23 15:44:13] [INFO]     [剪枝] Node 2 内存不足 (剩余 0G < 需求)
[2026-03-23 15:44:13] [INFO]     [评估] Node 3: Score=17.70 (AoI=3.95, Cost=13.75)
[2026-03-23 15:44:13] [INFO] [请求 3] 部署 Node 1 | 真实 AoI=2.70, 真实 Cost=3.00
[2026-03-23 15:44:13] [INFO]     [剪枝] Node 1 内存不足 (剩余 2G < 需求)
[2026-03-23 15:44:13] [INFO]     [评估] Node 2: Score=18.78 (AoI=8.78, Cost=10.0)
[2026-03-23 15:44:13] [INFO]     [剪枝] Node 3 内存不足 (剩余 3G < 需求)
[2026-03-23 15:44:13] [INFO] [请求 4] 部署 Node 2 | 真实 AoI=8.78, 真实 Cost=10.00
[2026-03-23 15:44:13] [INFO]     [剪枝] Node 1 内存不足 (剩余 2G < 需求)
[2026-03-23 15:44:13] [INFO]     [评估] Node 2: Score=23.25 (AoI=13.25, Cost=10.0)
[2026-03-23 15:44:13] [INFO]     [剪枝] Node 3 内存不足 (剩余 3G < 需求)
[2026-03-23 15:44:13] [INFO] [请求 5] 部署 Node 2 | 真实 AoI=13.25, 真实 Cost=10.00
[2026-03-23 15:44:13] [INFO]     [剪枝] Node 1 内存不足 (剩余 2G < 需求)
[2026-03-23 15:44:13] [INFO]     [评估] Node 2: Score=25.73 (AoI=15.73, Cost=10.0)
[2026-03-23 15:44:13] [INFO]     [剪枝] Node 3 内存不足 (剩余 3G < 需求)
[2026-03-23 15:44:13] [INFO] [请求 6] 部署 Node 2 | 真实 AoI=15.73, 真实 Cost=10.00
[2026-03-23 15:44:13] [INFO]     [剪枝] Node 1 内存不足 (剩余 2G < 需求)
[2026-03-23 15:44:13] [INFO]     [评估] Node 2: Score=29.54 (AoI=19.54, Cost=10.0)
[2026-03-23 15:44:13] [INFO]     [剪枝] Node 3 内存不足 (剩余 3G < 需求)
[2026-03-23 15:44:13] [INFO] [请求 7] 部署 Node 2 | 真实 AoI=19.54, 真实 Cost=10.00
[2026-03-23 15:44:13] [INFO]     [评估] Node 1: Score=6.70 (AoI=3.70, Cost=3.0)
[2026-03-23 15:44:13] [INFO]     [剪枝] Node 2 内存不足 (剩余 0G < 需求)
[2026-03-23 15:44:13] [INFO]     [评估] Node 3: Score=17.70 (AoI=3.95, Cost=13.75)
[2026-03-23 15:44:13] [INFO] [请求 8] 部署 Node 1 | 真实 AoI=2.70, 真实 Cost=3.00
[2026-03-23 15:44:13] [INFO]     [剪枝] Node 1 内存不足 (剩余 2G < 需求)
[2026-03-23 15:44:13] [INFO]     [评估] Node 2: Score=30.86 (AoI=20.86, Cost=10.0)
[2026-03-23 15:44:13] [INFO]     [剪枝] Node 3 内存不足 (剩余 3G < 需求)
[2026-03-23 15:44:13] [INFO] [请求 9] 部署 Node 2 | 真实 AoI=20.86, 真实 Cost=10.00
[2026-03-23 15:44:13] [INFO]     [剪枝] Node 1 内存不足 (剩余 2G < 需求)
[2026-03-23 15:44:13] [INFO]     [评估] Node 2: Score=29.56 (AoI=19.56, Cost=10.0)
[2026-03-23 15:44:13] [INFO]     [剪枝] Node 3 内存不足 (剩余 3G < 需求)
[2026-03-23 15:44:13] [INFO] [请求 10] 部署 Node 2 | 真实 AoI=19.56, 真实 Cost=10.00
[2026-03-23 15:44:13] [INFO]     [评估] Node 1: Score=6.70 (AoI=3.70, Cost=3.0)
[2026-03-23 15:44:13] [INFO]     [剪枝] Node 2 内存不足 (剩余 0G < 需求)
[2026-03-23 15:44:13] [INFO]     [评估] Node 3: Score=17.70 (AoI=3.95, Cost=13.75)
[2026-03-23 15:44:13] [INFO] [请求 11] 部署 Node 1 | 真实 AoI=2.70, 真实 Cost=3.00
[2026-03-23 15:44:13] [INFO]     [剪枝] Node 1 内存不足 (剩余 2G < 需求)
[2026-03-23 15:44:13] [INFO]     [评估] Node 2: Score=30.60 (AoI=20.60, Cost=10.0)
[2026-03-23 15:44:13] [INFO]     [剪枝] Node 3 内存不足 (剩余 3G < 需求)
[2026-03-23 15:44:13] [INFO] [请求 12] 部署 Node 2 | 真实 AoI=20.60, 真实 Cost=10.00
[2026-03-23 15:44:13] [INFO]     [评估] Node 1: Score=6.70 (AoI=3.70, Cost=3.0)
[2026-03-23 15:44:13] [INFO]     [剪枝] Node 2 内存不足 (剩余 0G < 需求)
[2026-03-23 15:44:13] [INFO]     [评估] Node 3: Score=17.70 (AoI=3.95, Cost=13.75)
[2026-03-23 15:44:13] [INFO] [请求 13] 部署 Node 1 | 真实 AoI=2.70, 真实 Cost=3.00
[2026-03-23 15:44:13] [INFO]     [评估] Node 1: Score=6.70 (AoI=3.70, Cost=3.0)
[2026-03-23 15:44:13] [INFO]     [剪枝] Node 2 内存不足 (剩余 0G < 需求)
[2026-03-23 15:44:13] [INFO]     [评估] Node 3: Score=17.80 (AoI=4.05, Cost=13.75)
[2026-03-23 15:44:13] [INFO] [请求 14] 部署 Node 1 | 真实 AoI=3.54, 真实 Cost=3.00
[2026-03-23 15:44:13] [INFO]     [剪枝] Node 1 内存不足 (剩余 2G < 需求)
[2026-03-23 15:44:13] [INFO]     [评估] Node 2: Score=31.10 (AoI=21.10, Cost=10.0)
[2026-03-23 15:44:13] [INFO]     [剪枝] Node 3 内存不足 (剩余 3G < 需求)
[2026-03-23 15:44:13] [INFO] [请求 15] 部署 Node 2 | 真实 AoI=21.10, 真实 Cost=10.00
[2026-03-23 15:44:13] [INFO]     [剪枝] Node 1 内存不足 (剩余 2G < 需求)
[2026-03-23 15:44:13] [INFO]     [评估] Node 2: Score=33.93 (AoI=23.93, Cost=10.0)
[2026-03-23 15:44:13] [INFO]     [剪枝] Node 3 内存不足 (剩余 3G < 需求)
[2026-03-23 15:44:13] [INFO] [请求 16] 部署 Node 2 | 真实 AoI=23.93, 真实 Cost=10.00
[2026-03-23 15:44:13] [INFO]     [评估] Node 1: Score=6.70 (AoI=3.70, Cost=3.0)
[2026-03-23 15:44:13] [INFO]     [剪枝] Node 2 内存不足 (剩余 0G < 需求)
[2026-03-23 15:44:13] [INFO]     [评估] Node 3: Score=17.70 (AoI=3.95, Cost=13.75)
[2026-03-23 15:44:13] [INFO] [请求 17] 部署 Node 1 | 真实 AoI=2.70, 真实 Cost=3.00
[2026-03-23 15:44:13] [INFO]     [剪枝] Node 1 内存不足 (剩余 2G < 需求)
[2026-03-23 15:44:13] [INFO]     [评估] Node 2: Score=34.42 (AoI=24.42, Cost=10.0)
[2026-03-23 15:44:13] [INFO]     [剪枝] Node 3 内存不足 (剩余 3G < 需求)
[2026-03-23 15:44:13] [INFO] [请求 18] 部署 Node 2 | 真实 AoI=24.42, 真实 Cost=10.00
[2026-03-23 15:44:13] [INFO]     [评估] Node 1: Score=6.70 (AoI=3.70, Cost=3.0)
[2026-03-23 15:44:13] [INFO]     [剪枝] Node 2 内存不足 (剩余 0G < 需求)
[2026-03-23 15:44:13] [INFO]     [评估] Node 3: Score=17.70 (AoI=3.95, Cost=13.75)
[2026-03-23 15:44:13] [INFO] [请求 19] 部署 Node 1 | 真实 AoI=2.70, 真实 Cost=3.00
[2026-03-23 15:44:13] [INFO]     [剪枝] Node 1 内存不足 (剩余 2G < 需求)
[2026-03-23 15:44:13] [INFO]     [评估] Node 2: Score=36.07 (AoI=26.07, Cost=10.0)
[2026-03-23 15:44:13] [INFO]     [剪枝] Node 3 内存不足 (剩余 3G < 需求)
[2026-03-23 15:44:13] [INFO] [请求 20] 部署 Node 2 | 真实 AoI=26.07, 真实 Cost=10.00
[2026-03-23 15:44:13] [INFO] 
========== 开始评测算法: DP Optimal (Oracle) ==========
[2026-03-23 15:44:13] [INFO] 初始化网络拓扑...
[2026-03-23 15:44:13] [INFO]   >> 正在执行 DP-ODA 离线全局优化...
[2026-03-23 15:44:13] [INFO] [请求 1] DP规划部署 Node 1 | AoI=3.70, Cost=13.0
[2026-03-23 15:44:13] [INFO] [请求 2] DP规划部署 Node 1 | AoI=4.10, Cost=7.5
[2026-03-23 15:44:13] [INFO] [请求 3] DP规划部署 Node 1 | AoI=3.70, Cost=3.0
[2026-03-23 15:44:13] [INFO] [请求 4] DP规划部署 Node 1 | AoI=4.10, Cost=7.5
[2026-03-23 15:44:13] [INFO] [请求 5] DP规划部署 Node 1 | AoI=4.10, Cost=7.5
[2026-03-23 15:44:13] [INFO] [请求 6] DP规划部署 Node 1 | AoI=4.10, Cost=7.5
[2026-03-23 15:44:13] [INFO] [请求 7] DP规划部署 Node 1 | AoI=4.10, Cost=7.5
[2026-03-23 15:44:13] [INFO] [请求 8] DP规划部署 Node 1 | AoI=3.70, Cost=3.0
[2026-03-23 15:44:13] [INFO] [请求 9] DP规划部署 Node 1 | AoI=4.10, Cost=7.5
[2026-03-23 15:44:13] [INFO] [请求 10] DP规划部署 Node 1 | AoI=4.10, Cost=7.5
[2026-03-23 15:44:13] [INFO] [请求 11] DP规划部署 Node 1 | AoI=3.70, Cost=3.0
[2026-03-23 15:44:13] [INFO] [请求 12] DP规划部署 Node 1 | AoI=4.10, Cost=7.5
[2026-03-23 15:44:13] [INFO] [请求 13] DP规划部署 Node 1 | AoI=3.70, Cost=3.0
[2026-03-23 15:44:13] [INFO] [请求 14] DP规划部署 Node 1 | AoI=3.70, Cost=3.0
[2026-03-23 15:44:13] [INFO] [请求 15] DP规划部署 Node 1 | AoI=4.10, Cost=7.5
[2026-03-23 15:44:13] [INFO] [请求 16] DP规划部署 Node 1 | AoI=4.10, Cost=7.5
[2026-03-23 15:44:13] [INFO] [请求 17] DP规划部署 Node 1 | AoI=3.70, Cost=3.0
[2026-03-23 15:44:13] [INFO] [请求 18] DP规划部署 Node 1 | AoI=4.10, Cost=7.5
[2026-03-23 15:44:13] [INFO] [请求 19] DP规划部署 Node 1 | AoI=3.70, Cost=3.0
[2026-03-23 15:44:13] [INFO] [请求 20] DP规划部署 Node 1 | AoI=4.10, Cost=7.5
[2026-03-23 15:44:13] [INFO] 
========== 开始评测算法: DP Real (Simulated) ==========
[2026-03-23 15:44:13] [INFO] 初始化网络拓扑...
[2026-03-23 15:44:13] [INFO]   >> 正在执行 DP-ODA 离线全局优化...
[2026-03-23 15:44:13] [INFO] [请求 1] DP 现实执行 Node 1 | 真实排队=0.00s, 真实 AoI=2.70
[2026-03-23 15:44:13] [ERROR] [请求 2] DP 部署失败：物理环境崩溃：节点 1 内存不足，无法执行部署！ (请求被丢弃)
[2026-03-23 15:44:13] [INFO] [请求 3] DP 现实执行 Node 1 | 真实排队=0.00s, 真实 AoI=2.70
[2026-03-23 15:44:13] [ERROR] [请求 4] DP 部署失败：物理环境崩溃：节点 1 内存不足，无法执行部署！ (请求被丢弃)
[2026-03-23 15:44:13] [ERROR] [请求 5] DP 部署失败：物理环境崩溃：节点 1 内存不足，无法执行部署！ (请求被丢弃)
[2026-03-23 15:44:13] [ERROR] [请求 6] DP 部署失败：物理环境崩溃：节点 1 内存不足，无法执行部署！ (请求被丢弃)
[2026-03-23 15:44:13] [ERROR] [请求 7] DP 部署失败：物理环境崩溃：节点 1 内存不足，无法执行部署！ (请求被丢弃)
[2026-03-23 15:44:13] [INFO] [请求 8] DP 现实执行 Node 1 | 真实排队=0.00s, 真实 AoI=2.70
[2026-03-23 15:44:13] [ERROR] [请求 9] DP 部署失败：物理环境崩溃：节点 1 内存不足，无法执行部署！ (请求被丢弃)
[2026-03-23 15:44:13] [ERROR] [请求 10] DP 部署失败：物理环境崩溃：节点 1 内存不足，无法执行部署！ (请求被丢弃)
[2026-03-23 15:44:13] [INFO] [请求 11] DP 现实执行 Node 1 | 真实排队=0.00s, 真实 AoI=2.70
[2026-03-23 15:44:13] [ERROR] [请求 12] DP 部署失败：物理环境崩溃：节点 1 内存不足，无法执行部署！ (请求被丢弃)
[2026-03-23 15:44:13] [INFO] [请求 13] DP 现实执行 Node 1 | 真实排队=0.00s, 真实 AoI=2.70
[2026-03-23 15:44:13] [INFO] [请求 14] DP 现实执行 Node 1 | 真实排队=0.84s, 真实 AoI=3.54
[2026-03-23 15:44:13] [ERROR] [请求 15] DP 部署失败：物理环境崩溃：节点 1 内存不足，无法执行部署！ (请求被丢弃)
[2026-03-23 15:44:13] [ERROR] [请求 16] DP 部署失败：物理环境崩溃：节点 1 内存不足，无法执行部署！ (请求被丢弃)
[2026-03-23 15:44:13] [INFO] [请求 17] DP 现实执行 Node 1 | 真实排队=0.00s, 真实 AoI=2.70
[2026-03-23 15:44:13] [ERROR] [请求 18] DP 部署失败：物理环境崩溃：节点 1 内存不足，无法执行部署！ (请求被丢弃)
[2026-03-23 15:44:13] [INFO] [请求 19] DP 现实执行 Node 1 | 真实排队=0.00s, 真实 AoI=2.70
[2026-03-23 15:44:13] [ERROR] [请求 20] DP 部署失败：物理环境崩溃：节点 1 内存不足，无法执行部署！ (请求被丢弃)
[2026-03-23 15:44:13] [INFO] 
仿真结束，正在生成对比可视化报表...
[2026-03-23 15:47:18] [INFO] 
========== 开始评测算法: Random Baseline ==========
[2026-03-23 15:47:18] [INFO] 初始化网络拓扑...
[2026-03-23 15:47:19] [INFO] [请求 1] 部署 Node 3 | 真实 AoI=2.95, 真实 Cost=13.75
[2026-03-23 15:47:19] [INFO] 内存淘汰 1
[2026-03-23 15:47:19] [INFO] [请求 2] 部署 Node 2 | 真实 AoI=6.10, 真实 Cost=20.00
[2026-03-23 15:47:19] [INFO] [请求 3] 部署 Node 1 | 真实 AoI=2.70, 真实 Cost=13.00
[2026-03-23 15:47:19] [INFO] 内存淘汰 1
[2026-03-23 15:47:19] [INFO] [请求 4] 部署 Node 3 | 真实 AoI=4.22, 真实 Cost=19.38
[2026-03-23 15:47:19] [INFO] 内存淘汰 1
[2026-03-23 15:47:19] [INFO] [请求 5] 部署 Node 3 | 真实 AoI=6.82, 真实 Cost=9.38
[2026-03-23 15:47:19] [INFO] 内存淘汰 1
[2026-03-23 15:47:19] [INFO] [请求 6] 部署 Node 3 | 真实 AoI=7.53, 真实 Cost=9.38
[2026-03-23 15:47:19] [INFO] 内存淘汰 1
[2026-03-23 15:47:19] [INFO] [请求 7] 部署 Node 2 | 真实 AoI=6.10, 真实 Cost=20.00
[2026-03-23 15:47:19] [INFO] [请求 8] 部署 Node 3 | 真实 AoI=4.64, 真实 Cost=13.75
[2026-03-23 15:47:19] [INFO] 内存淘汰 1
[2026-03-23 15:47:19] [INFO] [请求 9] 部署 Node 3 | 真实 AoI=6.93, 真实 Cost=19.38
[2026-03-23 15:47:19] [INFO] 内存淘汰 1
[2026-03-23 15:47:19] [INFO] [请求 10] 部署 Node 2 | 真实 AoI=6.10, 真实 Cost=20.00
[2026-03-23 15:47:19] [INFO] [请求 11] 部署 Node 1 | 真实 AoI=2.70, 真实 Cost=13.00
[2026-03-23 15:47:19] [INFO] 内存淘汰 1
[2026-03-23 15:47:19] [INFO] [请求 12] 部署 Node 2 | 真实 AoI=7.14, 真实 Cost=10.00
[2026-03-23 15:47:19] [INFO] [请求 13] 部署 Node 2 | 真实 AoI=6.53, 真实 Cost=14.00
[2026-03-23 15:47:19] [INFO] [请求 14] 部署 Node 2 | 真实 AoI=8.36, 真实 Cost=4.00
[2026-03-23 15:47:19] [INFO] 内存淘汰 1
[2026-03-23 15:47:19] [INFO] [请求 15] 部署 Node 3 | 真实 AoI=4.22, 真实 Cost=19.38
[2026-03-23 15:47:19] [INFO] 内存淘汰 1
[2026-03-23 15:47:19] [INFO] [请求 16] 部署 Node 2 | 真实 AoI=9.48, 真实 Cost=20.00
[2026-03-23 15:47:19] [INFO] [请求 17] 部署 Node 1 | 真实 AoI=2.70, 真实 Cost=13.00
[2026-03-23 15:47:19] [INFO] 内存淘汰 1
[2026-03-23 15:47:19] [INFO] [请求 18] 部署 Node 3 | 真实 AoI=4.33, 真实 Cost=19.38
[2026-03-23 15:47:19] [INFO] [请求 19] 部署 Node 1 | 真实 AoI=2.70, 真实 Cost=3.00
[2026-03-23 15:47:19] [INFO] 内存淘汰 1
[2026-03-23 15:47:19] [INFO] [请求 20] 部署 Node 3 | 真实 AoI=4.22, 真实 Cost=9.38
[2026-03-23 15:47:19] [INFO] 
========== 开始评测算法: Greedy Best ==========
[2026-03-23 15:47:19] [INFO] 初始化网络拓扑...
[2026-03-23 15:47:19] [INFO]     [评估] Node 1: Score=16.70 (AoI=3.70, Cost=13.0)
[2026-03-23 15:47:19] [INFO]     [评估] Node 2: Score=18.70 (AoI=4.70, Cost=14.0)
[2026-03-23 15:47:19] [INFO]     [评估] Node 3: Score=17.70 (AoI=3.95, Cost=13.75)
[2026-03-23 15:47:19] [INFO] [请求 1] 部署 Node 1 | 真实 AoI=2.70, 真实 Cost=13.00
[2026-03-23 15:47:19] [INFO]     [剪枝] Node 1 内存不足 (剩余 2G < 需求)
[2026-03-23 15:47:19] [INFO]     [评估] Node 2: Score=27.10 (AoI=7.10, Cost=20.0)
[2026-03-23 15:47:19] [INFO]     [评估] Node 3: Score=24.60 (AoI=5.22, Cost=19.375)
[2026-03-23 15:47:19] [INFO] [请求 2] 部署 Node 3 | 真实 AoI=4.22, 真实 Cost=19.38
[2026-03-23 15:47:19] [INFO]     [评估] Node 1: Score=6.70 (AoI=3.70, Cost=3.0)
[2026-03-23 15:47:19] [INFO]     [评估] Node 2: Score=18.70 (AoI=4.70, Cost=14.0)
[2026-03-23 15:47:19] [INFO]     [评估] Node 3: Score=17.70 (AoI=3.95, Cost=13.75)
[2026-03-23 15:47:19] [INFO] [请求 3] 部署 Node 1 | 真实 AoI=2.70, 真实 Cost=3.00
[2026-03-23 15:47:19] [INFO]     [剪枝] Node 1 内存不足 (剩余 2G < 需求)
[2026-03-23 15:47:19] [INFO]     [评估] Node 2: Score=27.10 (AoI=7.10, Cost=20.0)
[2026-03-23 15:47:19] [INFO]     [评估] Node 3: Score=14.60 (AoI=5.22, Cost=9.375)
[2026-03-23 15:47:19] [INFO] [请求 4] 部署 Node 3 | 真实 AoI=5.03, 真实 Cost=9.38
[2026-03-23 15:47:19] [INFO]     [剪枝] Node 1 内存不足 (剩余 2G < 需求)
[2026-03-23 15:47:19] [INFO]     [评估] Node 2: Score=27.10 (AoI=7.10, Cost=20.0)
[2026-03-23 15:47:19] [INFO]     [评估] Node 3: Score=17.00 (AoI=7.62, Cost=9.375)
[2026-03-23 15:47:19] [INFO] [请求 5] 部署 Node 3 | 真实 AoI=7.62, 真实 Cost=9.38
[2026-03-23 15:47:19] [INFO]     [剪枝] Node 1 内存不足 (剩余 2G < 需求)
[2026-03-23 15:47:19] [INFO]     [评估] Node 2: Score=27.10 (AoI=7.10, Cost=20.0)
[2026-03-23 15:47:19] [INFO]     [评估] Node 3: Score=17.70 (AoI=8.33, Cost=9.375)
[2026-03-23 15:47:19] [INFO] [请求 6] 部署 Node 3 | 真实 AoI=8.33, 真实 Cost=9.38
[2026-03-23 15:47:19] [INFO]     [剪枝] Node 1 内存不足 (剩余 2G < 需求)
[2026-03-23 15:47:19] [INFO]     [评估] Node 2: Score=27.10 (AoI=7.10, Cost=20.0)
[2026-03-23 15:47:19] [INFO]     [评估] Node 3: Score=19.64 (AoI=10.26, Cost=9.375)
[2026-03-23 15:47:19] [INFO] [请求 7] 部署 Node 3 | 真实 AoI=10.26, 真实 Cost=9.38
[2026-03-23 15:47:19] [INFO]     [评估] Node 1: Score=6.70 (AoI=3.70, Cost=3.0)
[2026-03-23 15:47:19] [INFO]     [评估] Node 2: Score=18.70 (AoI=4.70, Cost=14.0)
[2026-03-23 15:47:19] [INFO]     [评估] Node 3: Score=22.32 (AoI=8.57, Cost=13.75)
[2026-03-23 15:47:19] [INFO] [请求 8] 部署 Node 1 | 真实 AoI=2.70, 真实 Cost=3.00
[2026-03-23 15:47:19] [INFO]     [剪枝] Node 1 内存不足 (剩余 2G < 需求)
[2026-03-23 15:47:19] [INFO]     [评估] Node 2: Score=27.10 (AoI=7.10, Cost=20.0)
[2026-03-23 15:47:19] [INFO]     [评估] Node 3: Score=18.99 (AoI=9.61, Cost=9.375)
[2026-03-23 15:47:19] [INFO] [请求 9] 部署 Node 3 | 真实 AoI=9.61, 真实 Cost=9.38
[2026-03-23 15:47:19] [INFO]     [剪枝] Node 1 内存不足 (剩余 2G < 需求)
[2026-03-23 15:47:19] [INFO]     [评估] Node 2: Score=27.10 (AoI=7.10, Cost=20.0)
[2026-03-23 15:47:19] [INFO]     [评估] Node 3: Score=15.91 (AoI=6.53, Cost=9.375)
[2026-03-23 15:47:19] [INFO] [请求 10] 部署 Node 3 | 真实 AoI=6.53, 真实 Cost=9.38
[2026-03-23 15:47:19] [INFO]     [评估] Node 1: Score=6.70 (AoI=3.70, Cost=3.0)
[2026-03-23 15:47:19] [INFO]     [评估] Node 2: Score=18.70 (AoI=4.70, Cost=14.0)
[2026-03-23 15:47:19] [INFO]     [评估] Node 3: Score=21.24 (AoI=7.49, Cost=13.75)
[2026-03-23 15:47:19] [INFO] [请求 11] 部署 Node 1 | 真实 AoI=2.70, 真实 Cost=3.00
[2026-03-23 15:47:19] [INFO]     [剪枝] Node 1 内存不足 (剩余 2G < 需求)
[2026-03-23 15:47:19] [INFO]     [评估] Node 2: Score=27.10 (AoI=7.10, Cost=20.0)
[2026-03-23 15:47:19] [INFO]     [评估] Node 3: Score=15.08 (AoI=5.70, Cost=9.375)
[2026-03-23 15:47:19] [INFO] [请求 12] 部署 Node 3 | 真实 AoI=5.70, 真实 Cost=9.38
[2026-03-23 15:47:19] [INFO]     [评估] Node 1: Score=6.70 (AoI=3.70, Cost=3.0)
[2026-03-23 15:47:19] [INFO]     [评估] Node 2: Score=18.70 (AoI=4.70, Cost=14.0)
[2026-03-23 15:47:19] [INFO]     [评估] Node 3: Score=17.99 (AoI=4.24, Cost=13.75)
[2026-03-23 15:47:19] [INFO] [请求 13] 部署 Node 1 | 真实 AoI=2.70, 真实 Cost=3.00
[2026-03-23 15:47:19] [INFO]     [评估] Node 1: Score=6.70 (AoI=3.70, Cost=3.0)
[2026-03-23 15:47:19] [INFO]     [评估] Node 2: Score=18.70 (AoI=4.70, Cost=14.0)
[2026-03-23 15:47:19] [INFO]     [评估] Node 3: Score=17.92 (AoI=4.17, Cost=13.75)
[2026-03-23 15:47:19] [INFO] [请求 14] 部署 Node 1 | 真实 AoI=3.54, 真实 Cost=3.00
[2026-03-23 15:47:19] [INFO]     [剪枝] Node 1 内存不足 (剩余 2G < 需求)
[2026-03-23 15:47:19] [INFO]     [评估] Node 2: Score=27.10 (AoI=7.10, Cost=20.0)
[2026-03-23 15:47:19] [INFO]     [评估] Node 3: Score=14.60 (AoI=5.22, Cost=9.375)
[2026-03-23 15:47:19] [INFO] [请求 15] 部署 Node 3 | 真实 AoI=4.22, 真实 Cost=9.38
[2026-03-23 15:47:19] [INFO]     [剪枝] Node 1 内存不足 (剩余 2G < 需求)
[2026-03-23 15:47:19] [INFO]     [评估] Node 2: Score=27.10 (AoI=7.10, Cost=20.0)
[2026-03-23 15:47:19] [INFO]     [评估] Node 3: Score=14.70 (AoI=5.33, Cost=9.375)
[2026-03-23 15:47:19] [INFO] [请求 16] 部署 Node 3 | 真实 AoI=5.28, 真实 Cost=9.38
[2026-03-23 15:47:19] [INFO]     [评估] Node 1: Score=6.70 (AoI=3.70, Cost=3.0)
[2026-03-23 15:47:19] [INFO]     [评估] Node 2: Score=18.70 (AoI=4.70, Cost=14.0)
[2026-03-23 15:47:19] [INFO]     [评估] Node 3: Score=17.70 (AoI=3.95, Cost=13.75)
[2026-03-23 15:47:19] [INFO] [请求 17] 部署 Node 1 | 真实 AoI=2.70, 真实 Cost=3.00
[2026-03-23 15:47:19] [INFO]     [剪枝] Node 1 内存不足 (剩余 2G < 需求)
[2026-03-23 15:47:19] [INFO]     [评估] Node 2: Score=27.10 (AoI=7.10, Cost=20.0)
[2026-03-23 15:47:19] [INFO]     [评估] Node 3: Score=14.70 (AoI=5.33, Cost=9.375)
[2026-03-23 15:47:19] [INFO] [请求 18] 部署 Node 3 | 真实 AoI=4.33, 真实 Cost=9.38
[2026-03-23 15:47:19] [INFO]     [评估] Node 1: Score=6.70 (AoI=3.70, Cost=3.0)
[2026-03-23 15:47:19] [INFO]     [评估] Node 2: Score=18.70 (AoI=4.70, Cost=14.0)
[2026-03-23 15:47:19] [INFO]     [评估] Node 3: Score=18.30 (AoI=4.55, Cost=13.75)
[2026-03-23 15:47:19] [INFO] [请求 19] 部署 Node 1 | 真实 AoI=2.70, 真实 Cost=3.00
[2026-03-23 15:47:19] [INFO]     [剪枝] Node 1 内存不足 (剩余 2G < 需求)
[2026-03-23 15:47:19] [INFO]     [评估] Node 2: Score=27.10 (AoI=7.10, Cost=20.0)
[2026-03-23 15:47:19] [INFO]     [评估] Node 3: Score=14.60 (AoI=5.22, Cost=9.375)
[2026-03-23 15:47:19] [INFO] [请求 20] 部署 Node 3 | 真实 AoI=4.22, 真实 Cost=9.38
[2026-03-23 15:47:19] [INFO] 
========== 开始评测算法: DP Optimal (Oracle) ==========
[2026-03-23 15:47:19] [INFO] 初始化网络拓扑...
[2026-03-23 15:47:19] [INFO]   >> 正在执行 DP-ODA 离线全局优化...
[2026-03-23 15:47:19] [INFO] [请求 1] DP规划部署 Node 1 | AoI=3.70, Cost=13.0
[2026-03-23 15:47:19] [INFO] [请求 2] DP规划部署 Node 1 | AoI=4.10, Cost=7.5
[2026-03-23 15:47:19] [INFO] [请求 3] DP规划部署 Node 1 | AoI=3.70, Cost=3.0
[2026-03-23 15:47:19] [INFO] [请求 4] DP规划部署 Node 1 | AoI=4.10, Cost=7.5
[2026-03-23 15:47:19] [INFO] [请求 5] DP规划部署 Node 1 | AoI=4.10, Cost=7.5
[2026-03-23 15:47:19] [INFO] [请求 6] DP规划部署 Node 1 | AoI=4.10, Cost=7.5
[2026-03-23 15:47:19] [INFO] [请求 7] DP规划部署 Node 1 | AoI=4.10, Cost=7.5
[2026-03-23 15:47:19] [INFO] [请求 8] DP规划部署 Node 1 | AoI=3.70, Cost=3.0
[2026-03-23 15:47:19] [INFO] [请求 9] DP规划部署 Node 1 | AoI=4.10, Cost=7.5
[2026-03-23 15:47:19] [INFO] [请求 10] DP规划部署 Node 1 | AoI=4.10, Cost=7.5
[2026-03-23 15:47:19] [INFO] [请求 11] DP规划部署 Node 1 | AoI=3.70, Cost=3.0
[2026-03-23 15:47:19] [INFO] [请求 12] DP规划部署 Node 1 | AoI=4.10, Cost=7.5
[2026-03-23 15:47:19] [INFO] [请求 13] DP规划部署 Node 1 | AoI=3.70, Cost=3.0
[2026-03-23 15:47:19] [INFO] [请求 14] DP规划部署 Node 1 | AoI=3.70, Cost=3.0
[2026-03-23 15:47:19] [INFO] [请求 15] DP规划部署 Node 1 | AoI=4.10, Cost=7.5
[2026-03-23 15:47:19] [INFO] [请求 16] DP规划部署 Node 1 | AoI=4.10, Cost=7.5
[2026-03-23 15:47:19] [INFO] [请求 17] DP规划部署 Node 1 | AoI=3.70, Cost=3.0
[2026-03-23 15:47:19] [INFO] [请求 18] DP规划部署 Node 1 | AoI=4.10, Cost=7.5
[2026-03-23 15:47:19] [INFO] [请求 19] DP规划部署 Node 1 | AoI=3.70, Cost=3.0
[2026-03-23 15:47:19] [INFO] [请求 20] DP规划部署 Node 1 | AoI=4.10, Cost=7.5
[2026-03-23 15:47:19] [INFO] 
========== 开始评测算法: DP Real (Simulated) ==========
[2026-03-23 15:47:19] [INFO] 初始化网络拓扑...
[2026-03-23 15:47:19] [INFO]   >> 正在执行 DP-ODA 离线全局优化...
[2026-03-23 15:47:19] [INFO] [请求 1] DP 现实执行 Node 1 | 真实排队=0.00s, 真实 AoI=2.70
[2026-03-23 15:47:19] [ERROR] [请求 2] DP 部署失败：物理环境崩溃：节点 1 内存不足，无法执行部署！ (请求被丢弃)
[2026-03-23 15:47:19] [INFO] [请求 3] DP 现实执行 Node 1 | 真实排队=0.00s, 真实 AoI=2.70
[2026-03-23 15:47:19] [ERROR] [请求 4] DP 部署失败：物理环境崩溃：节点 1 内存不足，无法执行部署！ (请求被丢弃)
[2026-03-23 15:47:19] [ERROR] [请求 5] DP 部署失败：物理环境崩溃：节点 1 内存不足，无法执行部署！ (请求被丢弃)
[2026-03-23 15:47:19] [ERROR] [请求 6] DP 部署失败：物理环境崩溃：节点 1 内存不足，无法执行部署！ (请求被丢弃)
[2026-03-23 15:47:19] [ERROR] [请求 7] DP 部署失败：物理环境崩溃：节点 1 内存不足，无法执行部署！ (请求被丢弃)
[2026-03-23 15:47:19] [INFO] [请求 8] DP 现实执行 Node 1 | 真实排队=0.00s, 真实 AoI=2.70
[2026-03-23 15:47:19] [ERROR] [请求 9] DP 部署失败：物理环境崩溃：节点 1 内存不足，无法执行部署！ (请求被丢弃)
[2026-03-23 15:47:19] [ERROR] [请求 10] DP 部署失败：物理环境崩溃：节点 1 内存不足，无法执行部署！ (请求被丢弃)
[2026-03-23 15:47:19] [INFO] [请求 11] DP 现实执行 Node 1 | 真实排队=0.00s, 真实 AoI=2.70
[2026-03-23 15:47:19] [ERROR] [请求 12] DP 部署失败：物理环境崩溃：节点 1 内存不足，无法执行部署！ (请求被丢弃)
[2026-03-23 15:47:19] [INFO] [请求 13] DP 现实执行 Node 1 | 真实排队=0.00s, 真实 AoI=2.70
[2026-03-23 15:47:19] [INFO] [请求 14] DP 现实执行 Node 1 | 真实排队=0.84s, 真实 AoI=3.54
[2026-03-23 15:47:19] [ERROR] [请求 15] DP 部署失败：物理环境崩溃：节点 1 内存不足，无法执行部署！ (请求被丢弃)
[2026-03-23 15:47:19] [ERROR] [请求 16] DP 部署失败：物理环境崩溃：节点 1 内存不足，无法执行部署！ (请求被丢弃)
[2026-03-23 15:47:19] [INFO] [请求 17] DP 现实执行 Node 1 | 真实排队=0.00s, 真实 AoI=2.70
[2026-03-23 15:47:19] [ERROR] [请求 18] DP 部署失败：物理环境崩溃：节点 1 内存不足，无法执行部署！ (请求被丢弃)
[2026-03-23 15:47:19] [INFO] [请求 19] DP 现实执行 Node 1 | 真实排队=0.00s, 真实 AoI=2.70
[2026-03-23 15:47:19] [ERROR] [请求 20] DP 部署失败：物理环境崩溃：节点 1 内存不足，无法执行部署！ (请求被丢弃)
[2026-03-23 15:47:19] [INFO] 
仿真结束，正在生成对比可视化报表...
[2026-03-23 15:47:51] [INFO] 
========== 开始评测算法: Random Baseline ==========
[2026-03-23 15:47:51] [INFO] 初始化网络拓扑...
[2026-03-23 15:47:51] [INFO] [请求 1] 部署 Node 3 | 真实 AoI=2.95, 真实 Cost=13.75
[2026-03-23 15:47:51] [INFO] 内存淘汰 1
[2026-03-23 15:47:51] [INFO] [请求 2] 部署 Node 2 | 真实 AoI=6.10, 真实 Cost=20.00
[2026-03-23 15:47:51] [INFO] [请求 3] 部署 Node 1 | 真实 AoI=2.70, 真实 Cost=13.00
[2026-03-23 15:47:51] [INFO] 内存淘汰 1
[2026-03-23 15:47:51] [INFO] [请求 4] 部署 Node 3 | 真实 AoI=4.22, 真实 Cost=19.38
[2026-03-23 15:47:51] [INFO] 内存淘汰 1
[2026-03-23 15:47:51] [INFO] [请求 5] 部署 Node 3 | 真实 AoI=6.82, 真实 Cost=9.38
[2026-03-23 15:47:51] [INFO] 内存淘汰 1
[2026-03-23 15:47:51] [INFO] [请求 6] 部署 Node 3 | 真实 AoI=7.53, 真实 Cost=9.38
[2026-03-23 15:47:51] [INFO] 内存淘汰 1
[2026-03-23 15:47:51] [INFO] [请求 7] 部署 Node 2 | 真实 AoI=6.10, 真实 Cost=20.00
[2026-03-23 15:47:51] [INFO] [请求 8] 部署 Node 3 | 真实 AoI=4.64, 真实 Cost=13.75
[2026-03-23 15:47:51] [INFO] 内存淘汰 1
[2026-03-23 15:47:51] [INFO] [请求 9] 部署 Node 3 | 真实 AoI=6.93, 真实 Cost=19.38
[2026-03-23 15:47:51] [INFO] 内存淘汰 1
[2026-03-23 15:47:51] [INFO] [请求 10] 部署 Node 2 | 真实 AoI=6.10, 真实 Cost=20.00
[2026-03-23 15:47:51] [INFO] [请求 11] 部署 Node 1 | 真实 AoI=2.70, 真实 Cost=13.00
[2026-03-23 15:47:51] [INFO] 内存淘汰 1
[2026-03-23 15:47:51] [INFO] [请求 12] 部署 Node 2 | 真实 AoI=7.14, 真实 Cost=10.00
[2026-03-23 15:47:51] [INFO] [请求 13] 部署 Node 2 | 真实 AoI=6.53, 真实 Cost=14.00
[2026-03-23 15:47:51] [INFO] [请求 14] 部署 Node 2 | 真实 AoI=8.36, 真实 Cost=4.00
[2026-03-23 15:47:51] [INFO] 内存淘汰 1
[2026-03-23 15:47:51] [INFO] [请求 15] 部署 Node 3 | 真实 AoI=4.22, 真实 Cost=19.38
[2026-03-23 15:47:51] [INFO] 内存淘汰 1
[2026-03-23 15:47:51] [INFO] [请求 16] 部署 Node 2 | 真实 AoI=9.48, 真实 Cost=20.00
[2026-03-23 15:47:51] [INFO] [请求 17] 部署 Node 1 | 真实 AoI=2.70, 真实 Cost=13.00
[2026-03-23 15:47:51] [INFO] 内存淘汰 1
[2026-03-23 15:47:51] [INFO] [请求 18] 部署 Node 3 | 真实 AoI=4.33, 真实 Cost=19.38
[2026-03-23 15:47:51] [INFO] [请求 19] 部署 Node 1 | 真实 AoI=2.70, 真实 Cost=3.00
[2026-03-23 15:47:51] [INFO] 内存淘汰 1
[2026-03-23 15:47:51] [INFO] [请求 20] 部署 Node 3 | 真实 AoI=4.22, 真实 Cost=9.38
[2026-03-23 15:47:51] [INFO] 
========== 开始评测算法: Greedy Best ==========
[2026-03-23 15:47:51] [INFO] 初始化网络拓扑...
[2026-03-23 15:47:51] [INFO]     [评估] Node 1: Score=16.70 (AoI=3.70, Cost=13.0)
[2026-03-23 15:47:51] [INFO]     [评估] Node 2: Score=18.70 (AoI=4.70, Cost=14.0)
[2026-03-23 15:47:51] [INFO]     [评估] Node 3: Score=17.70 (AoI=3.95, Cost=13.75)
[2026-03-23 15:47:51] [INFO] [请求 1] 部署 Node 1 | 真实 AoI=2.70, 真实 Cost=13.00
[2026-03-23 15:47:51] [INFO]     [剪枝] Node 1 内存不足 (剩余 2G < 需求)
[2026-03-23 15:47:51] [INFO]     [评估] Node 2: Score=27.10 (AoI=7.10, Cost=20.0)
[2026-03-23 15:47:51] [INFO]     [评估] Node 3: Score=24.60 (AoI=5.22, Cost=19.375)
[2026-03-23 15:47:51] [INFO] [请求 2] 部署 Node 3 | 真实 AoI=4.22, 真实 Cost=19.38
[2026-03-23 15:47:51] [INFO]     [评估] Node 1: Score=6.70 (AoI=3.70, Cost=3.0)
[2026-03-23 15:47:51] [INFO]     [评估] Node 2: Score=18.70 (AoI=4.70, Cost=14.0)
[2026-03-23 15:47:51] [INFO]     [评估] Node 3: Score=17.70 (AoI=3.95, Cost=13.75)
[2026-03-23 15:47:51] [INFO] [请求 3] 部署 Node 1 | 真实 AoI=2.70, 真实 Cost=3.00
[2026-03-23 15:47:51] [INFO]     [剪枝] Node 1 内存不足 (剩余 2G < 需求)
[2026-03-23 15:47:51] [INFO]     [评估] Node 2: Score=27.10 (AoI=7.10, Cost=20.0)
[2026-03-23 15:47:51] [INFO]     [评估] Node 3: Score=14.60 (AoI=5.22, Cost=9.375)
[2026-03-23 15:47:51] [INFO] [请求 4] 部署 Node 3 | 真实 AoI=5.03, 真实 Cost=9.38
[2026-03-23 15:47:51] [INFO]     [剪枝] Node 1 内存不足 (剩余 2G < 需求)
[2026-03-23 15:47:51] [INFO]     [评估] Node 2: Score=27.10 (AoI=7.10, Cost=20.0)
[2026-03-23 15:47:51] [INFO]     [评估] Node 3: Score=17.00 (AoI=7.62, Cost=9.375)
[2026-03-23 15:47:51] [INFO] [请求 5] 部署 Node 3 | 真实 AoI=7.62, 真实 Cost=9.38
[2026-03-23 15:47:51] [INFO]     [剪枝] Node 1 内存不足 (剩余 2G < 需求)
[2026-03-23 15:47:51] [INFO]     [评估] Node 2: Score=27.10 (AoI=7.10, Cost=20.0)
[2026-03-23 15:47:51] [INFO]     [评估] Node 3: Score=17.70 (AoI=8.33, Cost=9.375)
[2026-03-23 15:47:51] [INFO] [请求 6] 部署 Node 3 | 真实 AoI=8.33, 真实 Cost=9.38
[2026-03-23 15:47:51] [INFO]     [剪枝] Node 1 内存不足 (剩余 2G < 需求)
[2026-03-23 15:47:51] [INFO]     [评估] Node 2: Score=27.10 (AoI=7.10, Cost=20.0)
[2026-03-23 15:47:51] [INFO]     [评估] Node 3: Score=19.64 (AoI=10.26, Cost=9.375)
[2026-03-23 15:47:51] [INFO] [请求 7] 部署 Node 3 | 真实 AoI=10.26, 真实 Cost=9.38
[2026-03-23 15:47:51] [INFO]     [评估] Node 1: Score=6.70 (AoI=3.70, Cost=3.0)
[2026-03-23 15:47:51] [INFO]     [评估] Node 2: Score=18.70 (AoI=4.70, Cost=14.0)
[2026-03-23 15:47:51] [INFO]     [评估] Node 3: Score=22.32 (AoI=8.57, Cost=13.75)
[2026-03-23 15:47:51] [INFO] [请求 8] 部署 Node 1 | 真实 AoI=2.70, 真实 Cost=3.00
[2026-03-23 15:47:51] [INFO]     [剪枝] Node 1 内存不足 (剩余 2G < 需求)
[2026-03-23 15:47:51] [INFO]     [评估] Node 2: Score=27.10 (AoI=7.10, Cost=20.0)
[2026-03-23 15:47:51] [INFO]     [评估] Node 3: Score=18.99 (AoI=9.61, Cost=9.375)
[2026-03-23 15:47:51] [INFO] [请求 9] 部署 Node 3 | 真实 AoI=9.61, 真实 Cost=9.38
[2026-03-23 15:47:51] [INFO]     [剪枝] Node 1 内存不足 (剩余 2G < 需求)
[2026-03-23 15:47:51] [INFO]     [评估] Node 2: Score=27.10 (AoI=7.10, Cost=20.0)
[2026-03-23 15:47:51] [INFO]     [评估] Node 3: Score=15.91 (AoI=6.53, Cost=9.375)
[2026-03-23 15:47:51] [INFO] [请求 10] 部署 Node 3 | 真实 AoI=6.53, 真实 Cost=9.38
[2026-03-23 15:47:51] [INFO]     [评估] Node 1: Score=6.70 (AoI=3.70, Cost=3.0)
[2026-03-23 15:47:51] [INFO]     [评估] Node 2: Score=18.70 (AoI=4.70, Cost=14.0)
[2026-03-23 15:47:51] [INFO]     [评估] Node 3: Score=21.24 (AoI=7.49, Cost=13.75)
[2026-03-23 15:47:51] [INFO] [请求 11] 部署 Node 1 | 真实 AoI=2.70, 真实 Cost=3.00
[2026-03-23 15:47:51] [INFO]     [剪枝] Node 1 内存不足 (剩余 2G < 需求)
[2026-03-23 15:47:51] [INFO]     [评估] Node 2: Score=27.10 (AoI=7.10, Cost=20.0)
[2026-03-23 15:47:51] [INFO]     [评估] Node 3: Score=15.08 (AoI=5.70, Cost=9.375)
[2026-03-23 15:47:51] [INFO] [请求 12] 部署 Node 3 | 真实 AoI=5.70, 真实 Cost=9.38
[2026-03-23 15:47:51] [INFO]     [评估] Node 1: Score=6.70 (AoI=3.70, Cost=3.0)
[2026-03-23 15:47:51] [INFO]     [评估] Node 2: Score=18.70 (AoI=4.70, Cost=14.0)
[2026-03-23 15:47:51] [INFO]     [评估] Node 3: Score=17.99 (AoI=4.24, Cost=13.75)
[2026-03-23 15:47:51] [INFO] [请求 13] 部署 Node 1 | 真实 AoI=2.70, 真实 Cost=3.00
[2026-03-23 15:47:51] [INFO]     [评估] Node 1: Score=6.70 (AoI=3.70, Cost=3.0)
[2026-03-23 15:47:51] [INFO]     [评估] Node 2: Score=18.70 (AoI=4.70, Cost=14.0)
[2026-03-23 15:47:51] [INFO]     [评估] Node 3: Score=17.92 (AoI=4.17, Cost=13.75)
[2026-03-23 15:47:51] [INFO] [请求 14] 部署 Node 1 | 真实 AoI=3.54, 真实 Cost=3.00
[2026-03-23 15:47:51] [INFO]     [剪枝] Node 1 内存不足 (剩余 2G < 需求)
[2026-03-23 15:47:51] [INFO]     [评估] Node 2: Score=27.10 (AoI=7.10, Cost=20.0)
[2026-03-23 15:47:51] [INFO]     [评估] Node 3: Score=14.60 (AoI=5.22, Cost=9.375)
[2026-03-23 15:47:51] [INFO] [请求 15] 部署 Node 3 | 真实 AoI=4.22, 真实 Cost=9.38
[2026-03-23 15:47:51] [INFO]     [剪枝] Node 1 内存不足 (剩余 2G < 需求)
[2026-03-23 15:47:51] [INFO]     [评估] Node 2: Score=27.10 (AoI=7.10, Cost=20.0)
[2026-03-23 15:47:51] [INFO]     [评估] Node 3: Score=14.70 (AoI=5.33, Cost=9.375)
[2026-03-23 15:47:51] [INFO] [请求 16] 部署 Node 3 | 真实 AoI=5.28, 真实 Cost=9.38
[2026-03-23 15:47:51] [INFO]     [评估] Node 1: Score=6.70 (AoI=3.70, Cost=3.0)
[2026-03-23 15:47:51] [INFO]     [评估] Node 2: Score=18.70 (AoI=4.70, Cost=14.0)
[2026-03-23 15:47:51] [INFO]     [评估] Node 3: Score=17.70 (AoI=3.95, Cost=13.75)
[2026-03-23 15:47:51] [INFO] [请求 17] 部署 Node 1 | 真实 AoI=2.70, 真实 Cost=3.00
[2026-03-23 15:47:51] [INFO]     [剪枝] Node 1 内存不足 (剩余 2G < 需求)
[2026-03-23 15:47:51] [INFO]     [评估] Node 2: Score=27.10 (AoI=7.10, Cost=20.0)
[2026-03-23 15:47:51] [INFO]     [评估] Node 3: Score=14.70 (AoI=5.33, Cost=9.375)
[2026-03-23 15:47:51] [INFO] [请求 18] 部署 Node 3 | 真实 AoI=4.33, 真实 Cost=9.38
[2026-03-23 15:47:51] [INFO]     [评估] Node 1: Score=6.70 (AoI=3.70, Cost=3.0)
[2026-03-23 15:47:51] [INFO]     [评估] Node 2: Score=18.70 (AoI=4.70, Cost=14.0)
[2026-03-23 15:47:51] [INFO]     [评估] Node 3: Score=18.30 (AoI=4.55, Cost=13.75)
[2026-03-23 15:47:51] [INFO] [请求 19] 部署 Node 1 | 真实 AoI=2.70, 真实 Cost=3.00
[2026-03-23 15:47:51] [INFO]     [剪枝] Node 1 内存不足 (剩余 2G < 需求)
[2026-03-23 15:47:51] [INFO]     [评估] Node 2: Score=27.10 (AoI=7.10, Cost=20.0)
[2026-03-23 15:47:51] [INFO]     [评估] Node 3: Score=14.60 (AoI=5.22, Cost=9.375)
[2026-03-23 15:47:51] [INFO] [请求 20] 部署 Node 3 | 真实 AoI=4.22, 真实 Cost=9.38
[2026-03-23 15:47:51] [INFO] 
========== 开始评测算法: DP Optimal (Oracle) ==========
[2026-03-23 15:47:51] [INFO] 初始化网络拓扑...
[2026-03-23 15:47:51] [INFO]   >> 正在执行 DP-ODA 离线全局优化...
[2026-03-23 15:47:51] [INFO] [请求 1] DP规划部署 Node 1 | AoI=3.70, Cost=13.0
[2026-03-23 15:47:51] [INFO] [请求 2] DP规划部署 Node 1 | AoI=4.10, Cost=7.5
[2026-03-23 15:47:51] [INFO] [请求 3] DP规划部署 Node 1 | AoI=3.70, Cost=3.0
[2026-03-23 15:47:51] [INFO] [请求 4] DP规划部署 Node 1 | AoI=4.10, Cost=7.5
[2026-03-23 15:47:51] [INFO] [请求 5] DP规划部署 Node 1 | AoI=4.10, Cost=7.5
[2026-03-23 15:47:51] [INFO] [请求 6] DP规划部署 Node 1 | AoI=4.10, Cost=7.5
[2026-03-23 15:47:51] [INFO] [请求 7] DP规划部署 Node 1 | AoI=4.10, Cost=7.5
[2026-03-23 15:47:51] [INFO] [请求 8] DP规划部署 Node 1 | AoI=3.70, Cost=3.0
[2026-03-23 15:47:51] [INFO] [请求 9] DP规划部署 Node 1 | AoI=4.10, Cost=7.5
[2026-03-23 15:47:51] [INFO] [请求 10] DP规划部署 Node 1 | AoI=4.10, Cost=7.5
[2026-03-23 15:47:51] [INFO] [请求 11] DP规划部署 Node 1 | AoI=3.70, Cost=3.0
[2026-03-23 15:47:51] [INFO] [请求 12] DP规划部署 Node 1 | AoI=4.10, Cost=7.5
[2026-03-23 15:47:51] [INFO] [请求 13] DP规划部署 Node 1 | AoI=3.70, Cost=3.0
[2026-03-23 15:47:51] [INFO] [请求 14] DP规划部署 Node 1 | AoI=3.70, Cost=3.0
[2026-03-23 15:47:51] [INFO] [请求 15] DP规划部署 Node 1 | AoI=4.10, Cost=7.5
[2026-03-23 15:47:51] [INFO] [请求 16] DP规划部署 Node 1 | AoI=4.10, Cost=7.5
[2026-03-23 15:47:51] [INFO] [请求 17] DP规划部署 Node 1 | AoI=3.70, Cost=3.0
[2026-03-23 15:47:51] [INFO] [请求 18] DP规划部署 Node 1 | AoI=4.10, Cost=7.5
[2026-03-23 15:47:51] [INFO] [请求 19] DP规划部署 Node 1 | AoI=3.70, Cost=3.0
[2026-03-23 15:47:51] [INFO] [请求 20] DP规划部署 Node 1 | AoI=4.10, Cost=7.5
[2026-03-23 15:47:51] [INFO] 
========== 开始评测算法: DP Real (Simulated) ==========
[2026-03-23 15:47:51] [INFO] 初始化网络拓扑...
[2026-03-23 15:47:51] [INFO]   >> 正在执行 DP-ODA 离线全局优化...
[2026-03-23 15:47:51] [INFO] [请求 1] DP 现实执行 Node 1 | 真实排队=0.00s, 真实 AoI=2.70
[2026-03-23 15:47:51] [ERROR] [请求 2] DP 部署失败：物理环境崩溃：节点 1 内存不足，无法执行部署！ (请求被丢弃)
[2026-03-23 15:47:51] [INFO] [请求 3] DP 现实执行 Node 1 | 真实排队=0.00s, 真实 AoI=2.70
[2026-03-23 15:47:51] [ERROR] [请求 4] DP 部署失败：物理环境崩溃：节点 1 内存不足，无法执行部署！ (请求被丢弃)
[2026-03-23 15:47:51] [ERROR] [请求 5] DP 部署失败：物理环境崩溃：节点 1 内存不足，无法执行部署！ (请求被丢弃)
[2026-03-23 15:47:51] [ERROR] [请求 6] DP 部署失败：物理环境崩溃：节点 1 内存不足，无法执行部署！ (请求被丢弃)
[2026-03-23 15:47:51] [ERROR] [请求 7] DP 部署失败：物理环境崩溃：节点 1 内存不足，无法执行部署！ (请求被丢弃)
[2026-03-23 15:47:51] [INFO] [请求 8] DP 现实执行 Node 1 | 真实排队=0.00s, 真实 AoI=2.70
[2026-03-23 15:47:51] [ERROR] [请求 9] DP 部署失败：物理环境崩溃：节点 1 内存不足，无法执行部署！ (请求被丢弃)
[2026-03-23 15:47:51] [ERROR] [请求 10] DP 部署失败：物理环境崩溃：节点 1 内存不足，无法执行部署！ (请求被丢弃)
[2026-03-23 15:47:51] [INFO] [请求 11] DP 现实执行 Node 1 | 真实排队=0.00s, 真实 AoI=2.70
[2026-03-23 15:47:51] [ERROR] [请求 12] DP 部署失败：物理环境崩溃：节点 1 内存不足，无法执行部署！ (请求被丢弃)
[2026-03-23 15:47:51] [INFO] [请求 13] DP 现实执行 Node 1 | 真实排队=0.00s, 真实 AoI=2.70
[2026-03-23 15:47:51] [INFO] [请求 14] DP 现实执行 Node 1 | 真实排队=0.84s, 真实 AoI=3.54
[2026-03-23 15:47:51] [ERROR] [请求 15] DP 部署失败：物理环境崩溃：节点 1 内存不足，无法执行部署！ (请求被丢弃)
[2026-03-23 15:47:51] [ERROR] [请求 16] DP 部署失败：物理环境崩溃：节点 1 内存不足，无法执行部署！ (请求被丢弃)
[2026-03-23 15:47:51] [INFO] [请求 17] DP 现实执行 Node 1 | 真实排队=0.00s, 真实 AoI=2.70
[2026-03-23 15:47:51] [ERROR] [请求 18] DP 部署失败：物理环境崩溃：节点 1 内存不足，无法执行部署！ (请求被丢弃)
[2026-03-23 15:47:51] [INFO] [请求 19] DP 现实执行 Node 1 | 真实排队=0.00s, 真实 AoI=2.70
[2026-03-23 15:47:51] [ERROR] [请求 20] DP 部署失败：物理环境崩溃：节点 1 内存不足，无法执行部署！ (请求被丢弃)
[2026-03-23 15:47:51] [INFO] 
仿真结束，正在生成对比可视化报表...
[2026-03-23 15:49:36] [INFO] 
========== 开始评测算法: Random Baseline ==========
[2026-03-23 15:49:36] [INFO] 初始化网络拓扑...
[2026-03-23 15:49:36] [INFO] [请求 1] 部署 Node 3 | 真实 AoI=2.95, 真实 Cost=13.75
[2026-03-23 15:49:36] [INFO] [请求 2] 部署 Node 3 | 真实 AoI=5.51, 真实 Cost=19.38
[2026-03-23 15:49:36] [INFO] [请求 3] 部署 Node 1 | 真实 AoI=2.70, 真实 Cost=13.00
[2026-03-23 15:49:36] [INFO] [请求 4] 部署 Node 1 | 真实 AoI=5.14, 真实 Cost=17.50
[2026-03-23 15:49:36] [INFO] [请求 5] 部署 Node 2 | 真实 AoI=6.10, 真实 Cost=20.00
[2026-03-23 15:49:36] [INFO] [请求 6] 部署 Node 2 | 真实 AoI=8.58, 真实 Cost=10.00
[2026-03-23 15:49:36] [INFO] [请求 7] 部署 Node 2 | 真实 AoI=12.39, 真实 Cost=10.00
[2026-03-23 15:49:36] [INFO] [请求 8] 部署 Node 3 | 真实 AoI=2.95, 真实 Cost=13.75
[2026-03-23 15:49:36] [INFO] [请求 9] 部署 Node 3 | 真实 AoI=5.24, 真实 Cost=19.38
[2026-03-23 15:49:36] [INFO] [请求 10] 部署 Node 3 | 真实 AoI=4.33, 真实 Cost=9.38
[2026-03-23 15:49:36] [INFO] [请求 11] 部署 Node 1 | 真实 AoI=2.70, 真实 Cost=13.00
[2026-03-23 15:49:36] [INFO] [请求 12] 部署 Node 3 | 真实 AoI=4.33, 真实 Cost=9.38
[2026-03-23 15:49:36] [INFO] [请求 13] 部署 Node 2 | 真实 AoI=3.70, 真实 Cost=14.00
[2026-03-23 15:49:36] [INFO] [请求 14] 部署 Node 1 | 真实 AoI=2.70, 真实 Cost=13.00
[2026-03-23 15:49:36] [INFO] [请求 15] 部署 Node 1 | 真实 AoI=3.48, 真实 Cost=17.50
[2026-03-23 15:49:36] [INFO] [请求 16] 部署 Node 1 | 真实 AoI=3.81, 真实 Cost=7.50
[2026-03-23 15:49:36] [INFO] [请求 17] 部署 Node 2 | 真实 AoI=3.70, 真实 Cost=14.00
[2026-03-23 15:49:36] [INFO] [请求 18] 部署 Node 2 | 真实 AoI=8.05, 真实 Cost=20.00
[2026-03-23 15:49:36] [INFO] [请求 19] 部署 Node 2 | 真实 AoI=9.12, 真实 Cost=4.00
[2026-03-23 15:49:36] [INFO] [请求 20] 部署 Node 1 | 真实 AoI=3.10, 真实 Cost=17.50
[2026-03-23 15:49:36] [INFO] 
========== 开始评测算法: Greedy Best ==========
[2026-03-23 15:49:36] [INFO] 初始化网络拓扑...
[2026-03-23 15:49:36] [INFO]     [评估] Node 1: Score=16.70 (AoI=3.70, Cost=13.0)
[2026-03-23 15:49:36] [INFO]     [评估] Node 2: Score=18.70 (AoI=4.70, Cost=14.0)
[2026-03-23 15:49:36] [INFO]     [评估] Node 3: Score=17.70 (AoI=3.95, Cost=13.75)
[2026-03-23 15:49:36] [INFO] [请求 1] 部署 Node 1 | 真实 AoI=2.70, 真实 Cost=13.00
[2026-03-23 15:49:36] [INFO]     [评估] Node 1: Score=22.14 (AoI=4.64, Cost=17.5)
[2026-03-23 15:49:36] [INFO]     [评估] Node 2: Score=27.10 (AoI=7.10, Cost=20.0)
[2026-03-23 15:49:36] [INFO]     [评估] Node 3: Score=24.60 (AoI=5.22, Cost=19.375)
[2026-03-23 15:49:36] [INFO] [请求 2] 部署 Node 1 | 真实 AoI=4.64, 真实 Cost=17.50
[2026-03-23 15:49:36] [INFO]     [评估] Node 1: Score=6.70 (AoI=3.70, Cost=3.0)
[2026-03-23 15:49:36] [INFO]     [评估] Node 2: Score=18.70 (AoI=4.70, Cost=14.0)
[2026-03-23 15:49:36] [INFO]     [评估] Node 3: Score=17.70 (AoI=3.95, Cost=13.75)
[2026-03-23 15:49:36] [INFO] [请求 3] 部署 Node 1 | 真实 AoI=3.38, 真实 Cost=3.00
[2026-03-23 15:49:36] [INFO]     [评估] Node 1: Score=13.32 (AoI=5.82, Cost=7.5)
[2026-03-23 15:49:36] [INFO]     [评估] Node 2: Score=27.10 (AoI=7.10, Cost=20.0)
[2026-03-23 15:49:36] [INFO]     [评估] Node 3: Score=24.60 (AoI=5.22, Cost=19.375)
[2026-03-23 15:49:36] [INFO] [请求 4] 部署 Node 1 | 真实 AoI=5.82, 真实 Cost=7.50
[2026-03-23 15:49:36] [INFO]     [评估] Node 1: Score=15.29 (AoI=7.79, Cost=7.5)
[2026-03-23 15:49:36] [INFO]     [评估] Node 2: Score=27.10 (AoI=7.10, Cost=20.0)
[2026-03-23 15:49:36] [INFO]     [评估] Node 3: Score=24.60 (AoI=5.22, Cost=19.375)
[2026-03-23 15:49:36] [INFO] [请求 5] 部署 Node 1 | 真实 AoI=7.79, 真实 Cost=7.50
[2026-03-23 15:49:36] [INFO]     [评估] Node 1: Score=15.27 (AoI=7.77, Cost=7.5)
[2026-03-23 15:49:36] [INFO]     [评估] Node 2: Score=27.10 (AoI=7.10, Cost=20.0)
[2026-03-23 15:49:36] [INFO]     [评估] Node 3: Score=24.70 (AoI=5.33, Cost=19.375)
[2026-03-23 15:49:36] [INFO] [请求 6] 部署 Node 1 | 真实 AoI=7.77, 真实 Cost=7.50
[2026-03-23 15:49:36] [INFO]     [评估] Node 1: Score=16.58 (AoI=9.08, Cost=7.5)
[2026-03-23 15:49:36] [INFO]     [评估] Node 2: Score=27.10 (AoI=7.10, Cost=20.0)
[2026-03-23 15:49:36] [INFO]     [评估] Node 3: Score=24.70 (AoI=5.33, Cost=19.375)
[2026-03-23 15:49:36] [INFO] [请求 7] 部署 Node 1 | 真实 AoI=9.08, 真实 Cost=7.50
[2026-03-23 15:49:36] [INFO]     [评估] Node 1: Score=10.23 (AoI=7.23, Cost=3.0)
[2026-03-23 15:49:36] [INFO]     [评估] Node 2: Score=18.70 (AoI=4.70, Cost=14.0)
[2026-03-23 15:49:36] [INFO]     [评估] Node 3: Score=17.70 (AoI=3.95, Cost=13.75)
[2026-03-23 15:49:36] [INFO] [请求 8] 部署 Node 1 | 真实 AoI=7.23, 真实 Cost=3.00
[2026-03-23 15:49:36] [INFO]     [评估] Node 1: Score=16.40 (AoI=8.90, Cost=7.5)
[2026-03-23 15:49:36] [INFO]     [评估] Node 2: Score=27.10 (AoI=7.10, Cost=20.0)
[2026-03-23 15:49:36] [INFO]     [评估] Node 3: Score=24.60 (AoI=5.22, Cost=19.375)
[2026-03-23 15:49:36] [INFO] [请求 9] 部署 Node 1 | 真实 AoI=8.90, 真实 Cost=7.50
[2026-03-23 15:49:36] [INFO]     [评估] Node 1: Score=12.60 (AoI=5.10, Cost=7.5)
[2026-03-23 15:49:36] [INFO]     [评估] Node 2: Score=27.10 (AoI=7.10, Cost=20.0)
[2026-03-23 15:49:36] [INFO]     [评估] Node 3: Score=24.70 (AoI=5.33, Cost=19.375)
[2026-03-23 15:49:36] [INFO] [请求 10] 部署 Node 1 | 真实 AoI=5.10, 真实 Cost=7.50
[2026-03-23 15:49:36] [INFO]     [评估] Node 1: Score=8.90 (AoI=5.90, Cost=3.0)
[2026-03-23 15:49:36] [INFO]     [评估] Node 2: Score=18.70 (AoI=4.70, Cost=14.0)
[2026-03-23 15:49:36] [INFO]     [评估] Node 3: Score=17.70 (AoI=3.95, Cost=13.75)
[2026-03-23 15:49:36] [INFO] [请求 11] 部署 Node 1 | 真实 AoI=5.90, 真实 Cost=3.00
[2026-03-23 15:49:36] [INFO]     [评估] Node 1: Score=12.14 (AoI=4.64, Cost=7.5)
[2026-03-23 15:49:36] [INFO]     [评估] Node 2: Score=27.10 (AoI=7.10, Cost=20.0)
[2026-03-23 15:49:36] [INFO]     [评估] Node 3: Score=24.70 (AoI=5.33, Cost=19.375)
[2026-03-23 15:49:36] [INFO] [请求 12] 部署 Node 1 | 真实 AoI=4.64, 真实 Cost=7.50
[2026-03-23 15:49:36] [INFO]     [评估] Node 1: Score=6.70 (AoI=3.70, Cost=3.0)
[2026-03-23 15:49:36] [INFO]     [评估] Node 2: Score=18.70 (AoI=4.70, Cost=14.0)
[2026-03-23 15:49:36] [INFO]     [评估] Node 3: Score=17.70 (AoI=3.95, Cost=13.75)
[2026-03-23 15:49:36] [INFO] [请求 13] 部署 Node 1 | 真实 AoI=3.02, 真实 Cost=3.00
[2026-03-23 15:49:36] [INFO]     [评估] Node 1: Score=6.86 (AoI=3.86, Cost=3.0)
[2026-03-23 15:49:36] [INFO]     [评估] Node 2: Score=18.70 (AoI=4.70, Cost=14.0)
[2026-03-23 15:49:36] [INFO]     [评估] Node 3: Score=17.80 (AoI=4.05, Cost=13.75)
[2026-03-23 15:49:36] [INFO] [请求 14] 部署 Node 1 | 真实 AoI=3.86, 真实 Cost=3.00
[2026-03-23 15:49:36] [INFO]     [评估] Node 1: Score=12.14 (AoI=4.64, Cost=7.5)
[2026-03-23 15:49:36] [INFO]     [评估] Node 2: Score=27.10 (AoI=7.10, Cost=20.0)
[2026-03-23 15:49:36] [INFO]     [评估] Node 3: Score=24.60 (AoI=5.22, Cost=19.375)
[2026-03-23 15:49:36] [INFO] [请求 15] 部署 Node 1 | 真实 AoI=4.64, 真实 Cost=7.50
[2026-03-23 15:49:36] [INFO]     [评估] Node 1: Score=12.47 (AoI=4.97, Cost=7.5)
[2026-03-23 15:49:36] [INFO]     [评估] Node 2: Score=27.10 (AoI=7.10, Cost=20.0)
[2026-03-23 15:49:36] [INFO]     [评估] Node 3: Score=24.70 (AoI=5.33, Cost=19.375)
[2026-03-23 15:49:36] [INFO] [请求 16] 部署 Node 1 | 真实 AoI=4.97, 真实 Cost=7.50
[2026-03-23 15:49:36] [INFO]     [评估] Node 1: Score=6.70 (AoI=3.70, Cost=3.0)
[2026-03-23 15:49:36] [INFO]     [评估] Node 2: Score=18.70 (AoI=4.70, Cost=14.0)
[2026-03-23 15:49:36] [INFO]     [评估] Node 3: Score=17.70 (AoI=3.95, Cost=13.75)
[2026-03-23 15:49:36] [INFO] [请求 17] 部署 Node 1 | 真实 AoI=2.70, 真实 Cost=3.00
[2026-03-23 15:49:36] [INFO]     [评估] Node 1: Score=12.05 (AoI=4.55, Cost=7.5)
[2026-03-23 15:49:36] [INFO]     [评估] Node 2: Score=27.10 (AoI=7.10, Cost=20.0)
[2026-03-23 15:49:36] [INFO]     [评估] Node 3: Score=24.70 (AoI=5.33, Cost=19.375)
[2026-03-23 15:49:36] [INFO] [请求 18] 部署 Node 1 | 真实 AoI=4.55, 真实 Cost=7.50
[2026-03-23 15:49:36] [INFO]     [评估] Node 1: Score=7.62 (AoI=4.62, Cost=3.0)
[2026-03-23 15:49:36] [INFO]     [评估] Node 2: Score=18.70 (AoI=4.70, Cost=14.0)
[2026-03-23 15:49:36] [INFO]     [评估] Node 3: Score=17.70 (AoI=3.95, Cost=13.75)
[2026-03-23 15:49:36] [INFO] [请求 19] 部署 Node 1 | 真实 AoI=4.62, 真实 Cost=3.00
[2026-03-23 15:49:36] [INFO]     [评估] Node 1: Score=12.20 (AoI=4.70, Cost=7.5)
[2026-03-23 15:49:36] [INFO]     [评估] Node 2: Score=27.10 (AoI=7.10, Cost=20.0)
[2026-03-23 15:49:36] [INFO]     [评估] Node 3: Score=24.60 (AoI=5.22, Cost=19.375)
[2026-03-23 15:49:36] [INFO] [请求 20] 部署 Node 1 | 真实 AoI=4.70, 真实 Cost=7.50
[2026-03-23 15:49:36] [INFO] 
========== 开始评测算法: DP Optimal (Oracle) ==========
[2026-03-23 15:49:36] [INFO] 初始化网络拓扑...
[2026-03-23 15:49:36] [INFO]   >> 正在执行 DP-ODA 离线全局优化...
[2026-03-23 15:49:36] [INFO] [请求 1] DP规划部署 Node 1 | AoI=3.70, Cost=13.0
[2026-03-23 15:49:36] [INFO] [请求 2] DP规划部署 Node 1 | AoI=4.10, Cost=7.5
[2026-03-23 15:49:36] [INFO] [请求 3] DP规划部署 Node 1 | AoI=3.70, Cost=3.0
[2026-03-23 15:49:36] [INFO] [请求 4] DP规划部署 Node 1 | AoI=4.10, Cost=7.5
[2026-03-23 15:49:36] [INFO] [请求 5] DP规划部署 Node 1 | AoI=4.10, Cost=7.5
[2026-03-23 15:49:36] [INFO] [请求 6] DP规划部署 Node 1 | AoI=4.10, Cost=7.5
[2026-03-23 15:49:36] [INFO] [请求 7] DP规划部署 Node 1 | AoI=4.10, Cost=7.5
[2026-03-23 15:49:36] [INFO] [请求 8] DP规划部署 Node 1 | AoI=3.70, Cost=3.0
[2026-03-23 15:49:36] [INFO] [请求 9] DP规划部署 Node 1 | AoI=4.10, Cost=7.5
[2026-03-23 15:49:36] [INFO] [请求 10] DP规划部署 Node 1 | AoI=4.10, Cost=7.5
[2026-03-23 15:49:36] [INFO] [请求 11] DP规划部署 Node 1 | AoI=3.70, Cost=3.0
[2026-03-23 15:49:36] [INFO] [请求 12] DP规划部署 Node 1 | AoI=4.10, Cost=7.5
[2026-03-23 15:49:36] [INFO] [请求 13] DP规划部署 Node 1 | AoI=3.70, Cost=3.0
[2026-03-23 15:49:36] [INFO] [请求 14] DP规划部署 Node 1 | AoI=3.70, Cost=3.0
[2026-03-23 15:49:36] [INFO] [请求 15] DP规划部署 Node 1 | AoI=4.10, Cost=7.5
[2026-03-23 15:49:36] [INFO] [请求 16] DP规划部署 Node 1 | AoI=4.10, Cost=7.5
[2026-03-23 15:49:36] [INFO] [请求 17] DP规划部署 Node 1 | AoI=3.70, Cost=3.0
[2026-03-23 15:49:36] [INFO] [请求 18] DP规划部署 Node 1 | AoI=4.10, Cost=7.5
[2026-03-23 15:49:36] [INFO] [请求 19] DP规划部署 Node 1 | AoI=3.70, Cost=3.0
[2026-03-23 15:49:36] [INFO] [请求 20] DP规划部署 Node 1 | AoI=4.10, Cost=7.5
[2026-03-23 15:49:36] [INFO] 
========== 开始评测算法: DP Real (Simulated) ==========
[2026-03-23 15:49:36] [INFO] 初始化网络拓扑...
[2026-03-23 15:49:36] [INFO]   >> 正在执行 DP-ODA 离线全局优化...
[2026-03-23 15:49:36] [INFO] [请求 1] DP 现实执行 Node 1 | 真实排队=0.00s, 真实 AoI=2.70
[2026-03-23 15:49:36] [INFO] [请求 2] DP 现实执行 Node 1 | 真实排队=1.54s, 真实 AoI=4.64
[2026-03-23 15:49:36] [INFO] [请求 3] DP 现实执行 Node 1 | 真实排队=0.68s, 真实 AoI=3.38
[2026-03-23 15:49:36] [INFO] [请求 4] DP 现实执行 Node 1 | 真实排队=2.72s, 真实 AoI=5.82
[2026-03-23 15:49:36] [INFO] [请求 5] DP 现实执行 Node 1 | 真实排队=4.69s, 真实 AoI=7.79
[2026-03-23 15:49:36] [INFO] [请求 6] DP 现实执行 Node 1 | 真实排队=4.67s, 真实 AoI=7.77
[2026-03-23 15:49:36] [INFO] [请求 7] DP 现实执行 Node 1 | 真实排队=5.98s, 真实 AoI=9.08
[2026-03-23 15:49:36] [INFO] [请求 8] DP 现实执行 Node 1 | 真实排队=4.53s, 真实 AoI=7.23
[2026-03-23 15:49:36] [INFO] [请求 9] DP 现实执行 Node 1 | 真实排队=5.80s, 真实 AoI=8.90
[2026-03-23 15:49:36] [INFO] [请求 10] DP 现实执行 Node 1 | 真实排队=2.00s, 真实 AoI=5.10
[2026-03-23 15:49:36] [INFO] [请求 11] DP 现实执行 Node 1 | 真实排队=3.20s, 真实 AoI=5.90
[2026-03-23 15:49:36] [INFO] [请求 12] DP 现实执行 Node 1 | 真实排队=1.54s, 真实 AoI=4.64
[2026-03-23 15:49:36] [INFO] [请求 13] DP 现实执行 Node 1 | 真实排队=0.32s, 真实 AoI=3.02
[2026-03-23 15:49:36] [INFO] [请求 14] DP 现实执行 Node 1 | 真实排队=1.16s, 真实 AoI=3.86
[2026-03-23 15:49:36] [INFO] [请求 15] DP 现实执行 Node 1 | 真实排队=1.54s, 真实 AoI=4.64
[2026-03-23 15:49:36] [INFO] [请求 16] DP 现实执行 Node 1 | 真实排队=1.87s, 真实 AoI=4.97
[2026-03-23 15:49:36] [INFO] [请求 17] DP 现实执行 Node 1 | 真实排队=0.00s, 真实 AoI=2.70
[2026-03-23 15:49:36] [INFO] [请求 18] DP 现实执行 Node 1 | 真实排队=1.45s, 真实 AoI=4.55
[2026-03-23 15:49:36] [INFO] [请求 19] DP 现实执行 Node 1 | 真实排队=1.92s, 真实 AoI=4.62
[2026-03-23 15:49:36] [INFO] [请求 20] DP 现实执行 Node 1 | 真实排队=1.60s, 真实 AoI=4.70
[2026-03-23 15:49:36] [INFO] 
仿真结束，正在生成对比可视化报表...
[2026-03-23 15:50:49] [INFO] 
========== 开始评测算法: Random Baseline ==========
[2026-03-23 15:50:49] [INFO] 初始化网络拓扑...
[2026-03-23 15:50:49] [INFO] [请求 1] 部署 Node 3 | 真实 AoI=2.95, 真实 Cost=13.75
[2026-03-23 15:50:49] [INFO] [请求 2] 部署 Node 3 | 真实 AoI=5.51, 真实 Cost=19.38
[2026-03-23 15:50:49] [INFO] [请求 3] 部署 Node 1 | 真实 AoI=2.70, 真实 Cost=13.00
[2026-03-23 15:50:49] [INFO] 内存淘汰 1
[2026-03-23 15:50:49] [INFO] [请求 4] 部署 Node 2 | 真实 AoI=6.10, 真实 Cost=20.00
[2026-03-23 15:50:49] [INFO] 内存淘汰 1
[2026-03-23 15:50:49] [INFO] [请求 5] 部署 Node 3 | 真实 AoI=5.79, 真实 Cost=19.38
[2026-03-23 15:50:49] [INFO] 内存淘汰 1
[2026-03-23 15:50:49] [INFO] [请求 6] 部署 Node 3 | 真实 AoI=6.49, 真实 Cost=9.38
[2026-03-23 15:50:49] [INFO] 内存淘汰 1
[2026-03-23 15:50:49] [INFO] [请求 7] 部署 Node 3 | 真实 AoI=8.43, 真实 Cost=9.38
[2026-03-23 15:50:49] [INFO] [请求 8] 部署 Node 3 | 真实 AoI=6.73, 真实 Cost=13.75
[2026-03-23 15:50:49] [INFO] [请求 9] 部署 Node 3 | 真实 AoI=9.02, 真实 Cost=9.38
[2026-03-23 15:50:49] [INFO] [请求 10] 部署 Node 3 | 真实 AoI=5.95, 真实 Cost=9.38
[2026-03-23 15:50:49] [INFO] [请求 11] 部署 Node 1 | 真实 AoI=2.70, 真实 Cost=13.00
[2026-03-23 15:50:49] [INFO] 内存淘汰 1
[2026-03-23 15:50:49] [INFO] [请求 12] 部署 Node 3 | 真实 AoI=5.12, 真实 Cost=9.38
[2026-03-23 15:50:49] [INFO] [请求 13] 部署 Node 1 | 真实 AoI=2.70, 真实 Cost=3.00
[2026-03-23 15:50:49] [INFO] [请求 14] 部署 Node 1 | 真实 AoI=3.54, 真实 Cost=3.00
[2026-03-23 15:50:49] [INFO] 内存淘汰 1
[2026-03-23 15:50:49] [INFO] [请求 15] 部署 Node 2 | 真实 AoI=6.10, 真实 Cost=20.00
[2026-03-23 15:50:49] [INFO] 内存淘汰 1
[2026-03-23 15:50:49] [INFO] [请求 16] 部署 Node 3 | 真实 AoI=4.33, 真实 Cost=19.38
[2026-03-23 15:50:49] [INFO] [请求 17] 部署 Node 2 | 真实 AoI=3.70, 真实 Cost=14.00
[2026-03-23 15:50:49] [INFO] [请求 18] 部署 Node 2 | 真实 AoI=8.05, 真实 Cost=20.00
[2026-03-23 15:50:49] [INFO] [请求 19] 部署 Node 1 | 真实 AoI=2.70, 真实 Cost=13.00
[2026-03-23 15:50:49] [INFO] 内存淘汰 1
[2026-03-23 15:50:49] [INFO] [请求 20] 部署 Node 2 | 真实 AoI=9.70, 真实 Cost=10.00
[2026-03-23 15:50:49] [INFO] 
========== 开始评测算法: Greedy Best ==========
[2026-03-23 15:50:49] [INFO] 初始化网络拓扑...
[2026-03-23 15:50:49] [INFO]     [评估] Node 1: Score=16.70 (AoI=3.70, Cost=13.0)
[2026-03-23 15:50:49] [INFO]     [评估] Node 2: Score=18.70 (AoI=4.70, Cost=14.0)
[2026-03-23 15:50:49] [INFO]     [评估] Node 3: Score=17.70 (AoI=3.95, Cost=13.75)
[2026-03-23 15:50:49] [INFO] [请求 1] 部署 Node 1 | 真实 AoI=2.70, 真实 Cost=13.00
[2026-03-23 15:50:49] [INFO]     [剪枝] Node 1 内存不足 (剩余 3G < 需求)
[2026-03-23 15:50:49] [INFO]     [评估] Node 2: Score=27.10 (AoI=7.10, Cost=20.0)
[2026-03-23 15:50:49] [INFO]     [评估] Node 3: Score=24.60 (AoI=5.22, Cost=19.375)
[2026-03-23 15:50:49] [INFO] [请求 2] 部署 Node 3 | 真实 AoI=4.22, 真实 Cost=19.38
[2026-03-23 15:50:49] [INFO]     [评估] Node 1: Score=6.70 (AoI=3.70, Cost=3.0)
[2026-03-23 15:50:49] [INFO]     [评估] Node 2: Score=18.70 (AoI=4.70, Cost=14.0)
[2026-03-23 15:50:49] [INFO]     [评估] Node 3: Score=17.70 (AoI=3.95, Cost=13.75)
[2026-03-23 15:50:49] [INFO] [请求 3] 部署 Node 1 | 真实 AoI=2.70, 真实 Cost=3.00
[2026-03-23 15:50:49] [INFO]     [剪枝] Node 1 内存不足 (剩余 3G < 需求)
[2026-03-23 15:50:49] [INFO]     [评估] Node 2: Score=27.10 (AoI=7.10, Cost=20.0)
[2026-03-23 15:50:49] [INFO]     [评估] Node 3: Score=14.60 (AoI=5.22, Cost=9.375)
[2026-03-23 15:50:49] [INFO] [请求 4] 部署 Node 3 | 真实 AoI=5.03, 真实 Cost=9.38
[2026-03-23 15:50:49] [INFO]     [剪枝] Node 1 内存不足 (剩余 3G < 需求)
[2026-03-23 15:50:49] [INFO]     [评估] Node 2: Score=27.10 (AoI=7.10, Cost=20.0)
[2026-03-23 15:50:49] [INFO]     [评估] Node 3: Score=17.00 (AoI=7.62, Cost=9.375)
[2026-03-23 15:50:49] [INFO] [请求 5] 部署 Node 3 | 真实 AoI=7.62, 真实 Cost=9.38
[2026-03-23 15:50:49] [INFO]     [剪枝] Node 1 内存不足 (剩余 3G < 需求)
[2026-03-23 15:50:49] [INFO]     [评估] Node 2: Score=27.10 (AoI=7.10, Cost=20.0)
[2026-03-23 15:50:49] [INFO]     [评估] Node 3: Score=17.70 (AoI=8.33, Cost=9.375)
[2026-03-23 15:50:49] [INFO] [请求 6] 部署 Node 3 | 真实 AoI=8.33, 真实 Cost=9.38
[2026-03-23 15:50:49] [INFO]     [剪枝] Node 1 内存不足 (剩余 3G < 需求)
[2026-03-23 15:50:49] [INFO]     [评估] Node 2: Score=27.10 (AoI=7.10, Cost=20.0)
[2026-03-23 15:50:49] [INFO]     [评估] Node 3: Score=19.64 (AoI=10.26, Cost=9.375)
[2026-03-23 15:50:49] [INFO] [请求 7] 部署 Node 3 | 真实 AoI=10.26, 真实 Cost=9.38
[2026-03-23 15:50:49] [INFO]     [评估] Node 1: Score=6.70 (AoI=3.70, Cost=3.0)
[2026-03-23 15:50:49] [INFO]     [评估] Node 2: Score=18.70 (AoI=4.70, Cost=14.0)
[2026-03-23 15:50:49] [INFO]     [评估] Node 3: Score=22.32 (AoI=8.57, Cost=13.75)
[2026-03-23 15:50:49] [INFO] [请求 8] 部署 Node 1 | 真实 AoI=2.70, 真实 Cost=3.00
[2026-03-23 15:50:49] [INFO]     [剪枝] Node 1 内存不足 (剩余 3G < 需求)
[2026-03-23 15:50:49] [INFO]     [评估] Node 2: Score=27.10 (AoI=7.10, Cost=20.0)
[2026-03-23 15:50:49] [INFO]     [评估] Node 3: Score=18.99 (AoI=9.61, Cost=9.375)
[2026-03-23 15:50:49] [INFO] [请求 9] 部署 Node 3 | 真实 AoI=9.61, 真实 Cost=9.38
[2026-03-23 15:50:49] [INFO]     [剪枝] Node 1 内存不足 (剩余 3G < 需求)
[2026-03-23 15:50:49] [INFO]     [评估] Node 2: Score=27.10 (AoI=7.10, Cost=20.0)
[2026-03-23 15:50:49] [INFO]     [评估] Node 3: Score=15.91 (AoI=6.53, Cost=9.375)
[2026-03-23 15:50:49] [INFO] [请求 10] 部署 Node 3 | 真实 AoI=6.53, 真实 Cost=9.38
[2026-03-23 15:50:49] [INFO]     [评估] Node 1: Score=6.70 (AoI=3.70, Cost=3.0)
[2026-03-23 15:50:49] [INFO]     [评估] Node 2: Score=18.70 (AoI=4.70, Cost=14.0)
[2026-03-23 15:50:49] [INFO]     [评估] Node 3: Score=21.24 (AoI=7.49, Cost=13.75)
[2026-03-23 15:50:49] [INFO] [请求 11] 部署 Node 1 | 真实 AoI=2.70, 真实 Cost=3.00
[2026-03-23 15:50:49] [INFO]     [剪枝] Node 1 内存不足 (剩余 3G < 需求)
[2026-03-23 15:50:49] [INFO]     [评估] Node 2: Score=27.10 (AoI=7.10, Cost=20.0)
[2026-03-23 15:50:49] [INFO]     [评估] Node 3: Score=15.08 (AoI=5.70, Cost=9.375)
[2026-03-23 15:50:49] [INFO] [请求 12] 部署 Node 3 | 真实 AoI=5.70, 真实 Cost=9.38
[2026-03-23 15:50:49] [INFO]     [评估] Node 1: Score=6.70 (AoI=3.70, Cost=3.0)
[2026-03-23 15:50:49] [INFO]     [评估] Node 2: Score=18.70 (AoI=4.70, Cost=14.0)
[2026-03-23 15:50:49] [INFO]     [评估] Node 3: Score=17.99 (AoI=4.24, Cost=13.75)
[2026-03-23 15:50:49] [INFO] [请求 13] 部署 Node 1 | 真实 AoI=2.70, 真实 Cost=3.00
[2026-03-23 15:50:49] [INFO]     [评估] Node 1: Score=6.70 (AoI=3.70, Cost=3.0)
[2026-03-23 15:50:49] [INFO]     [评估] Node 2: Score=18.70 (AoI=4.70, Cost=14.0)
[2026-03-23 15:50:49] [INFO]     [评估] Node 3: Score=17.92 (AoI=4.17, Cost=13.75)
[2026-03-23 15:50:49] [INFO] [请求 14] 部署 Node 1 | 真实 AoI=3.54, 真实 Cost=3.00
[2026-03-23 15:50:49] [INFO]     [剪枝] Node 1 内存不足 (剩余 3G < 需求)
[2026-03-23 15:50:49] [INFO]     [评估] Node 2: Score=27.10 (AoI=7.10, Cost=20.0)
[2026-03-23 15:50:49] [INFO]     [评估] Node 3: Score=14.60 (AoI=5.22, Cost=9.375)
[2026-03-23 15:50:49] [INFO] [请求 15] 部署 Node 3 | 真实 AoI=4.22, 真实 Cost=9.38
[2026-03-23 15:50:49] [INFO]     [剪枝] Node 1 内存不足 (剩余 3G < 需求)
[2026-03-23 15:50:49] [INFO]     [评估] Node 2: Score=27.10 (AoI=7.10, Cost=20.0)
[2026-03-23 15:50:49] [INFO]     [评估] Node 3: Score=14.70 (AoI=5.33, Cost=9.375)
[2026-03-23 15:50:49] [INFO] [请求 16] 部署 Node 3 | 真实 AoI=5.28, 真实 Cost=9.38
[2026-03-23 15:50:49] [INFO]     [评估] Node 1: Score=6.70 (AoI=3.70, Cost=3.0)
[2026-03-23 15:50:49] [INFO]     [评估] Node 2: Score=18.70 (AoI=4.70, Cost=14.0)
[2026-03-23 15:50:49] [INFO]     [评估] Node 3: Score=17.70 (AoI=3.95, Cost=13.75)
[2026-03-23 15:50:49] [INFO] [请求 17] 部署 Node 1 | 真实 AoI=2.70, 真实 Cost=3.00
[2026-03-23 15:50:49] [INFO]     [剪枝] Node 1 内存不足 (剩余 3G < 需求)
[2026-03-23 15:50:49] [INFO]     [评估] Node 2: Score=27.10 (AoI=7.10, Cost=20.0)
[2026-03-23 15:50:49] [INFO]     [评估] Node 3: Score=14.70 (AoI=5.33, Cost=9.375)
[2026-03-23 15:50:49] [INFO] [请求 18] 部署 Node 3 | 真实 AoI=4.33, 真实 Cost=9.38
[2026-03-23 15:50:49] [INFO]     [评估] Node 1: Score=6.70 (AoI=3.70, Cost=3.0)
[2026-03-23 15:50:49] [INFO]     [评估] Node 2: Score=18.70 (AoI=4.70, Cost=14.0)
[2026-03-23 15:50:49] [INFO]     [评估] Node 3: Score=18.30 (AoI=4.55, Cost=13.75)
[2026-03-23 15:50:49] [INFO] [请求 19] 部署 Node 1 | 真实 AoI=2.70, 真实 Cost=3.00
[2026-03-23 15:50:49] [INFO]     [剪枝] Node 1 内存不足 (剩余 3G < 需求)
[2026-03-23 15:50:49] [INFO]     [评估] Node 2: Score=27.10 (AoI=7.10, Cost=20.0)
[2026-03-23 15:50:49] [INFO]     [评估] Node 3: Score=14.60 (AoI=5.22, Cost=9.375)
[2026-03-23 15:50:49] [INFO] [请求 20] 部署 Node 3 | 真实 AoI=4.22, 真实 Cost=9.38
[2026-03-23 15:50:49] [INFO] 
========== 开始评测算法: DP Optimal (Oracle) ==========
[2026-03-23 15:50:49] [INFO] 初始化网络拓扑...
[2026-03-23 15:50:49] [INFO]   >> 正在执行 DP-ODA 离线全局优化...
[2026-03-23 15:50:49] [INFO] [请求 1] DP规划部署 Node 1 | AoI=3.70, Cost=13.0
[2026-03-23 15:50:49] [INFO] [请求 2] DP规划部署 Node 1 | AoI=4.10, Cost=7.5
[2026-03-23 15:50:49] [INFO] [请求 3] DP规划部署 Node 1 | AoI=3.70, Cost=3.0
[2026-03-23 15:50:49] [INFO] [请求 4] DP规划部署 Node 1 | AoI=4.10, Cost=7.5
[2026-03-23 15:50:49] [INFO] [请求 5] DP规划部署 Node 1 | AoI=4.10, Cost=7.5
[2026-03-23 15:50:49] [INFO] [请求 6] DP规划部署 Node 1 | AoI=4.10, Cost=7.5
[2026-03-23 15:50:49] [INFO] [请求 7] DP规划部署 Node 1 | AoI=4.10, Cost=7.5
[2026-03-23 15:50:49] [INFO] [请求 8] DP规划部署 Node 1 | AoI=3.70, Cost=3.0
[2026-03-23 15:50:49] [INFO] [请求 9] DP规划部署 Node 1 | AoI=4.10, Cost=7.5
[2026-03-23 15:50:49] [INFO] [请求 10] DP规划部署 Node 1 | AoI=4.10, Cost=7.5
[2026-03-23 15:50:49] [INFO] [请求 11] DP规划部署 Node 1 | AoI=3.70, Cost=3.0
[2026-03-23 15:50:49] [INFO] [请求 12] DP规划部署 Node 1 | AoI=4.10, Cost=7.5
[2026-03-23 15:50:49] [INFO] [请求 13] DP规划部署 Node 1 | AoI=3.70, Cost=3.0
[2026-03-23 15:50:49] [INFO] [请求 14] DP规划部署 Node 1 | AoI=3.70, Cost=3.0
[2026-03-23 15:50:49] [INFO] [请求 15] DP规划部署 Node 1 | AoI=4.10, Cost=7.5
[2026-03-23 15:50:49] [INFO] [请求 16] DP规划部署 Node 1 | AoI=4.10, Cost=7.5
[2026-03-23 15:50:49] [INFO] [请求 17] DP规划部署 Node 1 | AoI=3.70, Cost=3.0
[2026-03-23 15:50:49] [INFO] [请求 18] DP规划部署 Node 1 | AoI=4.10, Cost=7.5
[2026-03-23 15:50:49] [INFO] [请求 19] DP规划部署 Node 1 | AoI=3.70, Cost=3.0
[2026-03-23 15:50:49] [INFO] [请求 20] DP规划部署 Node 1 | AoI=4.10, Cost=7.5
[2026-03-23 15:50:49] [INFO] 
========== 开始评测算法: DP Real (Simulated) ==========
[2026-03-23 15:50:49] [INFO] 初始化网络拓扑...
[2026-03-23 15:50:49] [INFO]   >> 正在执行 DP-ODA 离线全局优化...
[2026-03-23 15:50:49] [INFO] [请求 1] DP 现实执行 Node 1 | 真实排队=0.00s, 真实 AoI=2.70
[2026-03-23 15:50:49] [ERROR] [请求 2] DP 部署失败：物理环境崩溃：节点 1 内存不足，无法执行部署！ (请求被丢弃)
[2026-03-23 15:50:49] [INFO] [请求 3] DP 现实执行 Node 1 | 真实排队=0.00s, 真实 AoI=2.70
[2026-03-23 15:50:49] [ERROR] [请求 4] DP 部署失败：物理环境崩溃：节点 1 内存不足，无法执行部署！ (请求被丢弃)
[2026-03-23 15:50:49] [ERROR] [请求 5] DP 部署失败：物理环境崩溃：节点 1 内存不足，无法执行部署！ (请求被丢弃)
[2026-03-23 15:50:49] [ERROR] [请求 6] DP 部署失败：物理环境崩溃：节点 1 内存不足，无法执行部署！ (请求被丢弃)
[2026-03-23 15:50:49] [ERROR] [请求 7] DP 部署失败：物理环境崩溃：节点 1 内存不足，无法执行部署！ (请求被丢弃)
[2026-03-23 15:50:49] [INFO] [请求 8] DP 现实执行 Node 1 | 真实排队=0.00s, 真实 AoI=2.70
[2026-03-23 15:50:49] [ERROR] [请求 9] DP 部署失败：物理环境崩溃：节点 1 内存不足，无法执行部署！ (请求被丢弃)
[2026-03-23 15:50:49] [ERROR] [请求 10] DP 部署失败：物理环境崩溃：节点 1 内存不足，无法执行部署！ (请求被丢弃)
[2026-03-23 15:50:49] [INFO] [请求 11] DP 现实执行 Node 1 | 真实排队=0.00s, 真实 AoI=2.70
[2026-03-23 15:50:49] [ERROR] [请求 12] DP 部署失败：物理环境崩溃：节点 1 内存不足，无法执行部署！ (请求被丢弃)
[2026-03-23 15:50:49] [INFO] [请求 13] DP 现实执行 Node 1 | 真实排队=0.00s, 真实 AoI=2.70
[2026-03-23 15:50:49] [INFO] [请求 14] DP 现实执行 Node 1 | 真实排队=0.84s, 真实 AoI=3.54
[2026-03-23 15:50:49] [ERROR] [请求 15] DP 部署失败：物理环境崩溃：节点 1 内存不足，无法执行部署！ (请求被丢弃)
[2026-03-23 15:50:49] [ERROR] [请求 16] DP 部署失败：物理环境崩溃：节点 1 内存不足，无法执行部署！ (请求被丢弃)
[2026-03-23 15:50:49] [INFO] [请求 17] DP 现实执行 Node 1 | 真实排队=0.00s, 真实 AoI=2.70
[2026-03-23 15:50:49] [ERROR] [请求 18] DP 部署失败：物理环境崩溃：节点 1 内存不足，无法执行部署！ (请求被丢弃)
[2026-03-23 15:50:49] [INFO] [请求 19] DP 现实执行 Node 1 | 真实排队=0.00s, 真实 AoI=2.70
[2026-03-23 15:50:49] [ERROR] [请求 20] DP 部署失败：物理环境崩溃：节点 1 内存不足，无法执行部署！ (请求被丢弃)
[2026-03-23 15:50:49] [INFO] 
仿真结束，正在生成对比可视化报表...
[2026-03-23 16:12:55] [INFO] 
========== 开始评测算法: Random Baseline ==========
[2026-03-23 16:12:55] [INFO] 初始化网络拓扑...
[2026-03-23 16:12:55] [INFO] [请求 1] 部署 Node 3 | 真实 AoI=2.95, 真实 Cost=13.75
[2026-03-23 16:12:55] [INFO] [请求 2] 部署 Node 3 | 真实 AoI=5.51, 真实 Cost=19.38
[2026-03-23 16:12:55] [INFO] [请求 3] 部署 Node 1 | 真实 AoI=2.70, 真实 Cost=13.00
[2026-03-23 16:12:55] [INFO] 内存淘汰 1
[2026-03-23 16:12:55] [INFO] [请求 4] 部署 Node 2 | 真实 AoI=6.10, 真实 Cost=20.00
[2026-03-23 16:12:55] [INFO] 内存淘汰 1
[2026-03-23 16:12:55] [INFO] [请求 5] 部署 Node 3 | 真实 AoI=5.79, 真实 Cost=19.38
[2026-03-23 16:12:55] [INFO] 内存淘汰 1
[2026-03-23 16:12:55] [INFO] [请求 6] 部署 Node 3 | 真实 AoI=6.49, 真实 Cost=9.38
[2026-03-23 16:12:55] [INFO] 内存淘汰 1
[2026-03-23 16:12:55] [INFO] [请求 7] 部署 Node 3 | 真实 AoI=8.43, 真实 Cost=9.38
[2026-03-23 16:12:55] [INFO] [请求 8] 部署 Node 3 | 真实 AoI=6.73, 真实 Cost=13.75
[2026-03-23 16:12:55] [INFO] [请求 9] 部署 Node 3 | 真实 AoI=9.02, 真实 Cost=9.38
[2026-03-23 16:12:55] [INFO] [请求 10] 部署 Node 3 | 真实 AoI=5.95, 真实 Cost=9.38
[2026-03-23 16:12:55] [INFO] [请求 11] 部署 Node 1 | 真实 AoI=2.70, 真实 Cost=13.00
[2026-03-23 16:12:55] [INFO] 内存淘汰 1
[2026-03-23 16:12:55] [INFO] [请求 12] 部署 Node 3 | 真实 AoI=5.12, 真实 Cost=9.38
[2026-03-23 16:12:55] [INFO] [请求 13] 部署 Node 1 | 真实 AoI=2.70, 真实 Cost=3.00
[2026-03-23 16:12:55] [INFO] [请求 14] 部署 Node 1 | 真实 AoI=3.54, 真实 Cost=3.00
[2026-03-23 16:12:55] [INFO] 内存淘汰 1
[2026-03-23 16:12:55] [INFO] [请求 15] 部署 Node 2 | 真实 AoI=6.10, 真实 Cost=20.00
[2026-03-23 16:12:55] [INFO] 内存淘汰 1
[2026-03-23 16:12:55] [INFO] [请求 16] 部署 Node 3 | 真实 AoI=4.33, 真实 Cost=19.38
[2026-03-23 16:12:55] [INFO] [请求 17] 部署 Node 2 | 真实 AoI=3.70, 真实 Cost=14.00
[2026-03-23 16:12:55] [INFO] [请求 18] 部署 Node 2 | 真实 AoI=8.05, 真实 Cost=20.00
[2026-03-23 16:12:55] [INFO] [请求 19] 部署 Node 1 | 真实 AoI=2.70, 真实 Cost=13.00
[2026-03-23 16:12:55] [INFO] 内存淘汰 1
[2026-03-23 16:12:55] [INFO] [请求 20] 部署 Node 2 | 真实 AoI=9.70, 真实 Cost=10.00
[2026-03-23 16:12:55] [INFO] 
========== 开始评测算法: Greedy Best ==========
[2026-03-23 16:12:55] [INFO] 初始化网络拓扑...
[2026-03-23 16:12:55] [INFO]     [评估] Node 1: Score=16.70 (AoI=3.70, Cost=13.0)
[2026-03-23 16:12:55] [INFO]     [评估] Node 2: Score=18.70 (AoI=4.70, Cost=14.0)
[2026-03-23 16:12:55] [INFO]     [评估] Node 3: Score=17.70 (AoI=3.95, Cost=13.75)
[2026-03-23 16:12:55] [INFO] [请求 1] 部署 Node 1 | 真实 AoI=2.70, 真实 Cost=13.00
[2026-03-23 16:12:55] [INFO]     [剪枝] Node 1 内存不足 (剩余 3G < 需求)
[2026-03-23 16:12:55] [INFO]     [评估] Node 2: Score=27.10 (AoI=7.10, Cost=20.0)
[2026-03-23 16:12:55] [INFO]     [评估] Node 3: Score=24.60 (AoI=5.22, Cost=19.375)
[2026-03-23 16:12:55] [INFO] [请求 2] 部署 Node 3 | 真实 AoI=4.22, 真实 Cost=19.38
[2026-03-23 16:12:55] [INFO]     [评估] Node 1: Score=6.70 (AoI=3.70, Cost=3.0)
[2026-03-23 16:12:55] [INFO]     [评估] Node 2: Score=18.70 (AoI=4.70, Cost=14.0)
[2026-03-23 16:12:55] [INFO]     [评估] Node 3: Score=17.70 (AoI=3.95, Cost=13.75)
[2026-03-23 16:12:55] [INFO] [请求 3] 部署 Node 1 | 真实 AoI=2.70, 真实 Cost=3.00
[2026-03-23 16:12:55] [INFO]     [剪枝] Node 1 内存不足 (剩余 3G < 需求)
[2026-03-23 16:12:55] [INFO]     [评估] Node 2: Score=27.10 (AoI=7.10, Cost=20.0)
[2026-03-23 16:12:55] [INFO]     [评估] Node 3: Score=14.60 (AoI=5.22, Cost=9.375)
[2026-03-23 16:12:55] [INFO] [请求 4] 部署 Node 3 | 真实 AoI=5.03, 真实 Cost=9.38
[2026-03-23 16:12:55] [INFO]     [剪枝] Node 1 内存不足 (剩余 3G < 需求)
[2026-03-23 16:12:55] [INFO]     [评估] Node 2: Score=27.10 (AoI=7.10, Cost=20.0)
[2026-03-23 16:12:55] [INFO]     [评估] Node 3: Score=17.00 (AoI=7.62, Cost=9.375)
[2026-03-23 16:12:55] [INFO] [请求 5] 部署 Node 3 | 真实 AoI=7.62, 真实 Cost=9.38
[2026-03-23 16:12:55] [INFO]     [剪枝] Node 1 内存不足 (剩余 3G < 需求)
[2026-03-23 16:12:55] [INFO]     [评估] Node 2: Score=27.10 (AoI=7.10, Cost=20.0)
[2026-03-23 16:12:55] [INFO]     [评估] Node 3: Score=17.70 (AoI=8.33, Cost=9.375)
[2026-03-23 16:12:55] [INFO] [请求 6] 部署 Node 3 | 真实 AoI=8.33, 真实 Cost=9.38
[2026-03-23 16:12:55] [INFO]     [剪枝] Node 1 内存不足 (剩余 3G < 需求)
[2026-03-23 16:12:55] [INFO]     [评估] Node 2: Score=27.10 (AoI=7.10, Cost=20.0)
[2026-03-23 16:12:55] [INFO]     [评估] Node 3: Score=19.64 (AoI=10.26, Cost=9.375)
[2026-03-23 16:12:55] [INFO] [请求 7] 部署 Node 3 | 真实 AoI=10.26, 真实 Cost=9.38
[2026-03-23 16:12:55] [INFO]     [评估] Node 1: Score=6.70 (AoI=3.70, Cost=3.0)
[2026-03-23 16:12:55] [INFO]     [评估] Node 2: Score=18.70 (AoI=4.70, Cost=14.0)
[2026-03-23 16:12:55] [INFO]     [评估] Node 3: Score=22.32 (AoI=8.57, Cost=13.75)
[2026-03-23 16:12:55] [INFO] [请求 8] 部署 Node 1 | 真实 AoI=2.70, 真实 Cost=3.00
[2026-03-23 16:12:55] [INFO]     [剪枝] Node 1 内存不足 (剩余 3G < 需求)
[2026-03-23 16:12:55] [INFO]     [评估] Node 2: Score=27.10 (AoI=7.10, Cost=20.0)
[2026-03-23 16:12:55] [INFO]     [评估] Node 3: Score=18.99 (AoI=9.61, Cost=9.375)
[2026-03-23 16:12:55] [INFO] [请求 9] 部署 Node 3 | 真实 AoI=9.61, 真实 Cost=9.38
[2026-03-23 16:12:55] [INFO]     [剪枝] Node 1 内存不足 (剩余 3G < 需求)
[2026-03-23 16:12:55] [INFO]     [评估] Node 2: Score=27.10 (AoI=7.10, Cost=20.0)
[2026-03-23 16:12:55] [INFO]     [评估] Node 3: Score=15.91 (AoI=6.53, Cost=9.375)
[2026-03-23 16:12:55] [INFO] [请求 10] 部署 Node 3 | 真实 AoI=6.53, 真实 Cost=9.38
[2026-03-23 16:12:55] [INFO]     [评估] Node 1: Score=6.70 (AoI=3.70, Cost=3.0)
[2026-03-23 16:12:55] [INFO]     [评估] Node 2: Score=18.70 (AoI=4.70, Cost=14.0)
[2026-03-23 16:12:55] [INFO]     [评估] Node 3: Score=21.24 (AoI=7.49, Cost=13.75)
[2026-03-23 16:12:55] [INFO] [请求 11] 部署 Node 1 | 真实 AoI=2.70, 真实 Cost=3.00
[2026-03-23 16:12:55] [INFO]     [剪枝] Node 1 内存不足 (剩余 3G < 需求)
[2026-03-23 16:12:55] [INFO]     [评估] Node 2: Score=27.10 (AoI=7.10, Cost=20.0)
[2026-03-23 16:12:55] [INFO]     [评估] Node 3: Score=15.08 (AoI=5.70, Cost=9.375)
[2026-03-23 16:12:55] [INFO] [请求 12] 部署 Node 3 | 真实 AoI=5.70, 真实 Cost=9.38
[2026-03-23 16:12:55] [INFO]     [评估] Node 1: Score=6.70 (AoI=3.70, Cost=3.0)
[2026-03-23 16:12:55] [INFO]     [评估] Node 2: Score=18.70 (AoI=4.70, Cost=14.0)
[2026-03-23 16:12:55] [INFO]     [评估] Node 3: Score=17.99 (AoI=4.24, Cost=13.75)
[2026-03-23 16:12:55] [INFO] [请求 13] 部署 Node 1 | 真实 AoI=2.70, 真实 Cost=3.00
[2026-03-23 16:12:55] [INFO]     [评估] Node 1: Score=6.70 (AoI=3.70, Cost=3.0)
[2026-03-23 16:12:55] [INFO]     [评估] Node 2: Score=18.70 (AoI=4.70, Cost=14.0)
[2026-03-23 16:12:55] [INFO]     [评估] Node 3: Score=17.92 (AoI=4.17, Cost=13.75)
[2026-03-23 16:12:55] [INFO] [请求 14] 部署 Node 1 | 真实 AoI=3.54, 真实 Cost=3.00
[2026-03-23 16:12:55] [INFO]     [剪枝] Node 1 内存不足 (剩余 3G < 需求)
[2026-03-23 16:12:55] [INFO]     [评估] Node 2: Score=27.10 (AoI=7.10, Cost=20.0)
[2026-03-23 16:12:55] [INFO]     [评估] Node 3: Score=14.60 (AoI=5.22, Cost=9.375)
[2026-03-23 16:12:55] [INFO] [请求 15] 部署 Node 3 | 真实 AoI=4.22, 真实 Cost=9.38
[2026-03-23 16:12:55] [INFO]     [剪枝] Node 1 内存不足 (剩余 3G < 需求)
[2026-03-23 16:12:55] [INFO]     [评估] Node 2: Score=27.10 (AoI=7.10, Cost=20.0)
[2026-03-23 16:12:55] [INFO]     [评估] Node 3: Score=14.70 (AoI=5.33, Cost=9.375)
[2026-03-23 16:12:55] [INFO] [请求 16] 部署 Node 3 | 真实 AoI=5.28, 真实 Cost=9.38
[2026-03-23 16:12:55] [INFO]     [评估] Node 1: Score=6.70 (AoI=3.70, Cost=3.0)
[2026-03-23 16:12:55] [INFO]     [评估] Node 2: Score=18.70 (AoI=4.70, Cost=14.0)
[2026-03-23 16:12:55] [INFO]     [评估] Node 3: Score=17.70 (AoI=3.95, Cost=13.75)
[2026-03-23 16:12:55] [INFO] [请求 17] 部署 Node 1 | 真实 AoI=2.70, 真实 Cost=3.00
[2026-03-23 16:12:55] [INFO]     [剪枝] Node 1 内存不足 (剩余 3G < 需求)
[2026-03-23 16:12:55] [INFO]     [评估] Node 2: Score=27.10 (AoI=7.10, Cost=20.0)
[2026-03-23 16:12:55] [INFO]     [评估] Node 3: Score=14.70 (AoI=5.33, Cost=9.375)
[2026-03-23 16:12:55] [INFO] [请求 18] 部署 Node 3 | 真实 AoI=4.33, 真实 Cost=9.38
[2026-03-23 16:12:55] [INFO]     [评估] Node 1: Score=6.70 (AoI=3.70, Cost=3.0)
[2026-03-23 16:12:55] [INFO]     [评估] Node 2: Score=18.70 (AoI=4.70, Cost=14.0)
[2026-03-23 16:12:55] [INFO]     [评估] Node 3: Score=18.30 (AoI=4.55, Cost=13.75)
[2026-03-23 16:12:55] [INFO] [请求 19] 部署 Node 1 | 真实 AoI=2.70, 真实 Cost=3.00
[2026-03-23 16:12:55] [INFO]     [剪枝] Node 1 内存不足 (剩余 3G < 需求)
[2026-03-23 16:12:55] [INFO]     [评估] Node 2: Score=27.10 (AoI=7.10, Cost=20.0)
[2026-03-23 16:12:55] [INFO]     [评估] Node 3: Score=14.60 (AoI=5.22, Cost=9.375)
[2026-03-23 16:12:55] [INFO] [请求 20] 部署 Node 3 | 真实 AoI=4.22, 真实 Cost=9.38
[2026-03-23 16:12:55] [INFO] 
========== 开始评测算法: DP Optimal (Oracle) ==========
[2026-03-23 16:12:55] [INFO] 初始化网络拓扑...
[2026-03-23 16:12:55] [INFO]   >> 正在执行 DP-ODA 离线全局优化...
[2026-03-23 16:12:55] [INFO] [请求 1] DP规划部署 Node 1 | AoI=3.70, Cost=13.0
[2026-03-23 16:12:55] [INFO] [请求 2] DP规划部署 Node 1 | AoI=4.10, Cost=7.5
[2026-03-23 16:12:55] [INFO] [请求 3] DP规划部署 Node 1 | AoI=3.70, Cost=3.0
[2026-03-23 16:12:55] [INFO] [请求 4] DP规划部署 Node 1 | AoI=4.10, Cost=7.5
[2026-03-23 16:12:55] [INFO] [请求 5] DP规划部署 Node 1 | AoI=4.10, Cost=7.5
[2026-03-23 16:12:55] [INFO] [请求 6] DP规划部署 Node 1 | AoI=4.10, Cost=7.5
[2026-03-23 16:12:55] [INFO] [请求 7] DP规划部署 Node 1 | AoI=4.10, Cost=7.5
[2026-03-23 16:12:55] [INFO] [请求 8] DP规划部署 Node 1 | AoI=3.70, Cost=3.0
[2026-03-23 16:12:55] [INFO] [请求 9] DP规划部署 Node 1 | AoI=4.10, Cost=7.5
[2026-03-23 16:12:55] [INFO] [请求 10] DP规划部署 Node 1 | AoI=4.10, Cost=7.5
[2026-03-23 16:12:55] [INFO] [请求 11] DP规划部署 Node 1 | AoI=3.70, Cost=3.0
[2026-03-23 16:12:55] [INFO] [请求 12] DP规划部署 Node 1 | AoI=4.10, Cost=7.5
[2026-03-23 16:12:55] [INFO] [请求 13] DP规划部署 Node 1 | AoI=3.70, Cost=3.0
[2026-03-23 16:12:55] [INFO] [请求 14] DP规划部署 Node 1 | AoI=3.70, Cost=3.0
[2026-03-23 16:12:55] [INFO] [请求 15] DP规划部署 Node 1 | AoI=4.10, Cost=7.5
[2026-03-23 16:12:55] [INFO] [请求 16] DP规划部署 Node 1 | AoI=4.10, Cost=7.5
[2026-03-23 16:12:55] [INFO] [请求 17] DP规划部署 Node 1 | AoI=3.70, Cost=3.0
[2026-03-23 16:12:55] [INFO] [请求 18] DP规划部署 Node 1 | AoI=4.10, Cost=7.5
[2026-03-23 16:12:55] [INFO] [请求 19] DP规划部署 Node 1 | AoI=3.70, Cost=3.0
[2026-03-23 16:12:55] [INFO] [请求 20] DP规划部署 Node 1 | AoI=4.10, Cost=7.5
[2026-03-23 16:12:55] [INFO] 
========== 开始评测算法: DP Real (Simulated) ==========
[2026-03-23 16:12:55] [INFO] 初始化网络拓扑...
[2026-03-23 16:12:55] [INFO]   >> 正在执行 DP-ODA 离线全局优化...
[2026-03-23 16:12:55] [INFO] [请求 1] DP 现实执行 Node 1 | 真实排队=0.00s, 真实 AoI=2.70
[2026-03-23 16:12:55] [ERROR] [请求 2] DP 部署失败：物理环境崩溃：节点 1 内存不足，无法执行部署！ (请求被丢弃)
[2026-03-23 16:12:55] [INFO] [请求 3] DP 现实执行 Node 1 | 真实排队=0.00s, 真实 AoI=2.70
[2026-03-23 16:12:55] [ERROR] [请求 4] DP 部署失败：物理环境崩溃：节点 1 内存不足，无法执行部署！ (请求被丢弃)
[2026-03-23 16:12:55] [ERROR] [请求 5] DP 部署失败：物理环境崩溃：节点 1 内存不足，无法执行部署！ (请求被丢弃)
[2026-03-23 16:12:55] [ERROR] [请求 6] DP 部署失败：物理环境崩溃：节点 1 内存不足，无法执行部署！ (请求被丢弃)
[2026-03-23 16:12:55] [ERROR] [请求 7] DP 部署失败：物理环境崩溃：节点 1 内存不足，无法执行部署！ (请求被丢弃)
[2026-03-23 16:12:55] [INFO] [请求 8] DP 现实执行 Node 1 | 真实排队=0.00s, 真实 AoI=2.70
[2026-03-23 16:12:55] [ERROR] [请求 9] DP 部署失败：物理环境崩溃：节点 1 内存不足，无法执行部署！ (请求被丢弃)
[2026-03-23 16:12:55] [ERROR] [请求 10] DP 部署失败：物理环境崩溃：节点 1 内存不足，无法执行部署！ (请求被丢弃)
[2026-03-23 16:12:55] [INFO] [请求 11] DP 现实执行 Node 1 | 真实排队=0.00s, 真实 AoI=2.70
[2026-03-23 16:12:55] [ERROR] [请求 12] DP 部署失败：物理环境崩溃：节点 1 内存不足，无法执行部署！ (请求被丢弃)
[2026-03-23 16:12:55] [INFO] [请求 13] DP 现实执行 Node 1 | 真实排队=0.00s, 真实 AoI=2.70
[2026-03-23 16:12:55] [INFO] [请求 14] DP 现实执行 Node 1 | 真实排队=0.84s, 真实 AoI=3.54
[2026-03-23 16:12:55] [ERROR] [请求 15] DP 部署失败：物理环境崩溃：节点 1 内存不足，无法执行部署！ (请求被丢弃)
[2026-03-23 16:12:55] [ERROR] [请求 16] DP 部署失败：物理环境崩溃：节点 1 内存不足，无法执行部署！ (请求被丢弃)
[2026-03-23 16:12:55] [INFO] [请求 17] DP 现实执行 Node 1 | 真实排队=0.00s, 真实 AoI=2.70
[2026-03-23 16:12:55] [ERROR] [请求 18] DP 部署失败：物理环境崩溃：节点 1 内存不足，无法执行部署！ (请求被丢弃)
[2026-03-23 16:12:55] [INFO] [请求 19] DP 现实执行 Node 1 | 真实排队=0.00s, 真实 AoI=2.70
[2026-03-23 16:12:55] [ERROR] [请求 20] DP 部署失败：物理环境崩溃：节点 1 内存不足，无法执行部署！ (请求被丢弃)
[2026-03-23 16:12:55] [INFO] 
仿真结束，正在生成对比可视化报表...
[2026-03-23 16:12:57] [INFO] 
========== 测试强化学习环境接口 ==========
[2026-03-23 16:12:57] [INFO] 初始状态向量: [  0. 101.  -1.   0.   5.   8.   8.]
[2026-03-23 16:12:57] [INFO] 执行动作(节点索引): 1 | 获得 Reward: -26.10 | Info: {'req_id': 1, 'aoi': 6.1, 'cost': 20.0}
[2026-03-23 16:12:57] [INFO] 执行动作(节点索引): 0 | 获得 Reward: -20.60 | Info: {'req_id': 2, 'aoi': 3.1, 'cost': 17.5}
[2026-03-23 16:12:57] [INFO] 执行动作(节点索引): 1 | 获得 Reward: -27.55 | Info: {'req_id': 3, 'aoi': 7.5513214193795415, 'cost': 20.0}
[2026-03-23 16:12:57] [INFO] 执行动作(节点索引): 0 | 获得 Reward: -15.70 | Info: {'req_id': 4, 'aoi': 2.7, 'cost': 13.0}
[2026-03-23 16:12:57] [INFO] 执行动作(节点索引): 0 | 获得 Reward: -6.08 | Info: {'req_id': 5, 'aoi': 3.076758333813184, 'cost': 3.0}
[2026-03-23 16:12:57] [INFO] 执行动作(节点索引): 2 | 获得 Reward: -16.80 | Info: {'req_id': 6, 'aoi': 3.0500000000000003, 'cost': 13.75}
[2026-03-23 16:12:57] [INFO] 执行动作(节点索引): 1 | 获得 Reward: -16.10 | Info: {'req_id': 7, 'aoi': 6.1, 'cost': 10.0}
[2026-03-23 16:12:57] [INFO] 执行动作(节点索引): 2 | 获得 Reward: -6.70 | Info: {'req_id': 8, 'aoi': 2.95, 'cost': 3.75}
[2026-03-23 16:12:57] [INFO] 执行动作(节点索引): 1 | 获得 Reward: -18.74 | Info: {'req_id': 9, 'aoi': 4.735715724927584, 'cost': 14.0}
[2026-03-23 16:12:57] [INFO] 执行动作(节点索引): 1 | 获得 Reward: -9.84 | Info: {'req_id': 10, 'aoi': 5.8368928818550145, 'cost': 4.0}
[2026-03-23 16:12:57] [INFO] 回合结束！累计 Reward: -164.20
